{
    "overall": {
        "cer": 0.13377314190806264,
        "keyword_wer": 0.10317460317460317
    },
    "categories": {
        "video": {
            "sample_count": 157,
            "cer": 0.19986102008395004,
            "keyword_wer": 0.10191082802547771
        },
        "music": {
            "sample_count": 101,
            "cer": 0.08181875879895682,
            "keyword_wer": 0.12871287128712872
        },
        "city": {
            "sample_count": 120,
            "cer": 0.09103644041144039,
            "keyword_wer": 0.08333333333333333
        }
    }
}