{
    "overall": {
        "cer": 0.1172024183928946,
        "keyword_wer": 0.1164021164021164
    },
    "categories": {
        "video": {
            "sample_count": 157,
            "cer": 0.08084855696320664,
            "keyword_wer": 0.1337579617834395
        },
        "music": {
            "sample_count": 101,
            "cer": 0.1365243392471115,
            "keyword_wer": 0.12871287128712872
        },
        "city": {
            "sample_count": 120,
            "cer": 0.1485027703777704,
            "keyword_wer": 0.08333333333333333
        }
    }
}