{
    "overall": {
        "cer": 0.08622744098934573,
        "keyword_wer": 0.11375661375661375
    },
    "categories": {
        "video": {
            "sample_count": 157,
            "cer": 0.08752187303142717,
            "keyword_wer": 0.11464968152866242
        },
        "music": {
            "sample_count": 101,
            "cer": 0.06664438421864165,
            "keyword_wer": 0.13861386138613863
        },
        "city": {
            "sample_count": 120,
            "cer": 0.10101629851629851,
            "keyword_wer": 0.09166666666666666
        }
    }
}