{
    "overall": {
        "cer": 0.09798150115610438,
        "keyword_wer": 0.11375661375661375
    },
    "categories": {
        "video": {
            "sample_count": 157,
            "cer": 0.11127929041941784,
            "keyword_wer": 0.12101910828025478
        },
        "music": {
            "sample_count": 101,
            "cer": 0.06777163980134279,
            "keyword_wer": 0.12871287128712872
        },
        "city": {
            "sample_count": 120,
            "cer": 0.1060101935101935,
            "keyword_wer": 0.09166666666666666
        }
    }
}