{
    "overall": {
        "cer": 0.10302612584358618,
        "keyword_wer": 0.11375661375661375
    },
    "categories": {
        "video": {
            "sample_count": 157,
            "cer": 0.1028211349867401,
            "keyword_wer": 0.10828025477707007
        },
        "music": {
            "sample_count": 101,
            "cer": 0.07487067388057489,
            "keyword_wer": 0.16831683168316833
        },
        "city": {
            "sample_count": 120,
            "cer": 0.1269918276168276,
            "keyword_wer": 0.075
        }
    }
}