{
    "overall": {
        "cer": 0.08672473910569146,
        "keyword_wer": 0.11375661375661375
    },
    "categories": {
        "video": {
            "sample_count": 157,
            "cer": 0.08834527114781891,
            "keyword_wer": 0.12738853503184713
        },
        "music": {
            "sample_count": 101,
            "cer": 0.06502957988106503,
            "keyword_wer": 0.13861386138613863
        },
        "city": {
            "sample_count": 120,
            "cer": 0.10286463536463536,
            "keyword_wer": 0.075
        }
    }
}