{
    "overall": {
        "cer": 0.6575237005792561,
        "keyword_wer": 0.12698412698412698
    },
    "categories": {
        "video": {
            "sample_count": 157,
            "cer": 0.5879571772883875,
            "keyword_wer": 0.1337579617834395
        },
        "music": {
            "sample_count": 101,
            "cer": 0.15801316395375803,
            "keyword_wer": 0.12871287128712872
        },
        "city": {
            "sample_count": 120,
            "cer": 1.16896127021127,
            "keyword_wer": 0.11666666666666667
        }
    }
}