{
    "overall": {
        "cer": 0.1054661299899396,
        "keyword_wer": 0.1111111111111111
    },
    "categories": {
        "video": {
            "sample_count": 157,
            "cer": 0.12136509633324923,
            "keyword_wer": 0.11464968152866242
        },
        "music": {
            "sample_count": 101,
            "cer": 0.07295108631742296,
            "keyword_wer": 0.1188118811881188
        },
        "city": {
            "sample_count": 120,
            "cer": 0.11203181078181076,
            "keyword_wer": 0.1
        }
    }
}