{
    "overall": {
        "cer": 0.0828919757491186,
        "keyword_wer": 0.11375661375661375
    },
    "categories": {
        "video": {
            "sample_count": 157,
            "cer": 0.0831006042789482,
            "keyword_wer": 0.11464968152866242
        },
        "music": {
            "sample_count": 101,
            "cer": 0.06829454923514329,
            "keyword_wer": 0.1485148514851485
        },
        "city": {
            "sample_count": 120,
            "cer": 0.0949051874051874,
            "keyword_wer": 0.08333333333333333
        }
    }
}