{
    "overall": {
        "cer": 0.16773262745484976,
        "keyword_wer": 0.10846560846560846
    },
    "categories": {
        "video": {
            "sample_count": 157,
            "cer": 0.23331878666273573,
            "keyword_wer": 0.12738853503184713
        },
        "music": {
            "sample_count": 101,
            "cer": 0.15247689604125247,
            "keyword_wer": 0.12871287128712872
        },
        "city": {
            "sample_count": 120,
            "cer": 0.09476430976430977,
            "keyword_wer": 0.06666666666666667
        }
    }
}