{
    "overall": {
        "cer": 0.1064584225298511,
        "keyword_wer": 0.10846560846560846
    },
    "categories": {
        "video": {
            "sample_count": 157,
            "cer": 0.10363947800253531,
            "keyword_wer": 0.10828025477707007
        },
        "music": {
            "sample_count": 101,
            "cer": 0.07664431278292665,
            "keyword_wer": 0.12871287128712872
        },
        "city": {
            "sample_count": 120,
            "cer": 0.13524008399008397,
            "keyword_wer": 0.09166666666666666
        }
    }
}