{
    "overall": {
        "cer": 0.08401229135356118,
        "keyword_wer": 0.11375661375661375
    },
    "categories": {
        "video": {
            "sample_count": 157,
            "cer": 0.07295307311230877,
            "keyword_wer": 0.10828025477707007
        },
        "music": {
            "sample_count": 101,
            "cer": 0.08027824760498027,
            "keyword_wer": 0.15841584158415842
        },
        "city": {
            "sample_count": 120,
            "cer": 0.10162425537425536,
            "keyword_wer": 0.08333333333333333
        }
    }
}