{
    "overall": {
        "cer": 0.10612589937986762,
        "keyword_wer": 0.10317460317460317
    },
    "categories": {
        "video": {
            "sample_count": 157,
            "cer": 0.10444479441294727,
            "keyword_wer": 0.10828025477707007
        },
        "music": {
            "sample_count": 101,
            "cer": 0.07302502228244805,
            "keyword_wer": 0.13861386138613863
        },
        "city": {
            "sample_count": 120,
            "cer": 0.1361852499352499,
            "keyword_wer": 0.06666666666666667
        }
    }
}