{
    "overall": {
        "cer": 0.09081022592927353,
        "keyword_wer": 0.10582010582010581
    },
    "categories": {
        "video": {
            "sample_count": 157,
            "cer": 0.07365285104138607,
            "keyword_wer": 0.09554140127388536
        },
        "music": {
            "sample_count": 101,
            "cer": 0.07878988448295378,
            "keyword_wer": 0.13861386138613863
        },
        "city": {
            "sample_count": 120,
            "cer": 0.12337491212491211,
            "keyword_wer": 0.09166666666666666
        }
    }
}