{
    "overall": {
        "cer": 0.09805495283669886,
        "keyword_wer": 0.10052910052910052
    },
    "categories": {
        "video": {
            "sample_count": 157,
            "cer": 0.09950362447177731,
            "keyword_wer": 0.10191082802547771
        },
        "music": {
            "sample_count": 101,
            "cer": 0.0715818422501591,
            "keyword_wer": 0.1188118811881188
        },
        "city": {
            "sample_count": 120,
            "cer": 0.11844114219114218,
            "keyword_wer": 0.08333333333333333
        }
    }
}