{
    "overall": {
        "cer": 0.11382259715593054,
        "keyword_wer": 0.09788359788359788
    },
    "categories": {
        "video": {
            "sample_count": 157,
            "cer": 0.15267395378860352,
            "keyword_wer": 0.09554140127388536
        },
        "music": {
            "sample_count": 101,
            "cer": 0.070982318012021,
            "keyword_wer": 0.12871287128712872
        },
        "city": {
            "sample_count": 120,
            "cer": 0.09904930717430717,
            "keyword_wer": 0.075
        }
    }
}