{
    "overall": {
        "cer": 0.09449973894418343,
        "keyword_wer": 0.1164021164021164
    },
    "categories": {
        "video": {
            "sample_count": 157,
            "cer": 0.0940019287153045,
            "keyword_wer": 0.1337579617834395
        },
        "music": {
            "sample_count": 101,
            "cer": 0.07586566348942589,
            "keyword_wer": 0.12871287128712872
        },
        "city": {
            "sample_count": 120,
            "cer": 0.11083472083472083,
            "keyword_wer": 0.08333333333333333
        }
    }
}