{
    "overall": {
        "cer": 4.123175260953038,
        "keyword_wer": 0.31746031746031744
    },
    "categories": {
        "video": {
            "sample_count": 157,
            "cer": 2.420128618727345,
            "keyword_wer": 0.16560509554140126
        },
        "music": {
            "sample_count": 101,
            "cer": 3.3654994345588394,
            "keyword_wer": 0.48514851485148514
        },
        "city": {
            "sample_count": 120,
            "cer": 6.989038438413436,
            "keyword_wer": 0.375
        }
    }
}