{
    "overall": {
        "cer": 0.08972588258302543,
        "keyword_wer": 0.11904761904761904
    },
    "categories": {
        "video": {
            "sample_count": 157,
            "cer": 0.08644610873910234,
            "keyword_wer": 0.11464968152866242
        },
        "music": {
            "sample_count": 101,
            "cer": 0.07257319138507258,
            "keyword_wer": 0.16831683168316833
        },
        "city": {
            "sample_count": 120,
            "cer": 0.10845376845376845,
            "keyword_wer": 0.08333333333333333
        }
    }
}