{
    "overall": {
        "cer": 0.10649788776772907,
        "keyword_wer": 0.06613756613756613
    },
    "categories": {
        "video": {
            "sample_count": 157,
            "cer": 0.08539575781613996,
            "keyword_wer": 0.044585987261146494
        },
        "music": {
            "sample_count": 101,
            "cer": 0.09334488393894333,
            "keyword_wer": 0.0891089108910891
        },
        "city": {
            "sample_count": 120,
            "cer": 0.14517695267695266,
            "keyword_wer": 0.075
        }
    }
}