{
    "overall": {
        "cer": 0.06556393709171486,
        "keyword_wer": 0.06084656084656084
    },
    "categories": {
        "video": {
            "sample_count": 157,
            "cer": 0.051610668171177716,
            "keyword_wer": 0.05732484076433121
        },
        "music": {
            "sample_count": 101,
            "cer": 0.05732755967904482,
            "keyword_wer": 0.0594059405940594
        },
        "city": {
            "sample_count": 120,
            "cer": 0.09075174825174823,
            "keyword_wer": 0.06666666666666667
        }
    }
}