{
    "overall": {
        "cer": 0.07203016339921102,
        "keyword_wer": 0.0873015873015873
    },
    "categories": {
        "video": {
            "sample_count": 157,
            "cer": 0.07033647527278099,
            "keyword_wer": 0.09554140127388536
        },
        "music": {
            "sample_count": 101,
            "cer": 0.054261895969816766,
            "keyword_wer": 0.0891089108910891
        },
        "city": {
            "sample_count": 120,
            "cer": 0.08920103045103044,
            "keyword_wer": 0.075
        }
    }
}