{
    "overall": {
        "cer": 0.08666835809692952,
        "keyword_wer": 0.1164021164021164
    },
    "categories": {
        "video": {
            "sample_count": 157,
            "cer": 0.08752187303142717,
            "keyword_wer": 0.11464968152866242
        },
        "music": {
            "sample_count": 101,
            "cer": 0.06829454923514329,
            "keyword_wer": 0.1485148514851485
        },
        "city": {
            "sample_count": 120,
            "cer": 0.10101629851629851,
            "keyword_wer": 0.09166666666666666
        }
    }
}