manual_transcript,path,source
我想点播苹果妹妹的音乐,/home/v2129375/dataset/tts_audio_diff_ref/audio_0000.wav,music
连云港市的天气怎么样？,/home/v2129375/dataset/tts_audio_diff_ref/audio_0001.wav,city
渭南的天气怎么样？,/home/v2129375/dataset/tts_audio_diff_ref/audio_0002.wav,city
盐城市的天气怎么样？,/home/v2129375/dataset/tts_audio_diff_ref/audio_0003.wav,city
我想看解救吾先生的点播视频,/home/v2129375/dataset/tts_audio_diff_ref/audio_0004.wav,video
我想点播黄锦雯的音乐,/home/v2129375/dataset/tts_audio_diff_ref/audio_0005.wav,music
兰州的天气如何？,/home/v2129375/dataset/tts_audio_diff_ref/audio_0006.wav,city
我想点播刘紫玲的音乐,/home/v2129375/dataset/tts_audio_diff_ref/audio_0007.wav,music
深圳的天气怎么样？,/home/v2129375/dataset/tts_audio_diff_ref/audio_0008.wav,city
锦州的天气怎么样？,/home/v2129375/dataset/tts_audio_diff_ref/audio_0009.wav,city
台南天气如何？,/home/v2129375/dataset/tts_audio_diff_ref/audio_0010.wav,city
我想看点播电视剧辽沈战役,/home/v2129375/dataset/tts_audio_diff_ref/audio_0011.wav,video
承德市的天气怎么样？,/home/v2129375/dataset/tts_audio_diff_ref/audio_0012.wav,city
恩施土家族苗族自治州的天气怎么样？,/home/v2129375/dataset/tts_audio_diff_ref/audio_0013.wav,city
我想点播彗星美人,/home/v2129375/dataset/tts_audio_diff_ref/audio_0014.wav,video
潍坊的天气怎么样？,/home/v2129375/dataset/tts_audio_diff_ref/audio_0015.wav,city
我想看电视剧千字文,/home/v2129375/dataset/tts_audio_diff_ref/audio_0016.wav,video
无锡市的天气怎么样？,/home/v2129375/dataset/tts_audio_diff_ref/audio_0017.wav,city
安阳的天气如何？,/home/v2129375/dataset/tts_audio_diff_ref/audio_0018.wav,city
我想点播莎婳的《无言的爱》,/home/v2129375/dataset/tts_audio_diff_ref/audio_0019.wav,music
我想点播零点乐队的音乐,/home/v2129375/dataset/tts_audio_diff_ref/audio_0020.wav,music
丽江市的天气怎么样？,/home/v2129375/dataset/tts_audio_diff_ref/audio_0021.wav,city
我想听徐贤的音乐,/home/v2129375/dataset/tts_audio_diff_ref/audio_0022.wav,music
我想点播庞龙的音乐,/home/v2129375/dataset/tts_audio_diff_ref/audio_0023.wav,music
我想点播容祖儿的音乐,/home/v2129375/dataset/tts_audio_diff_ref/audio_0024.wav,music
抚顺的天气怎么样？,/home/v2129375/dataset/tts_audio_diff_ref/audio_0025.wav,city
我想看电视剧三毛流浪记,/home/v2129375/dataset/tts_audio_diff_ref/audio_0026.wav,video
佛山的天气如何？,/home/v2129375/dataset/tts_audio_diff_ref/audio_0027.wav,city
南宁的天气如何？,/home/v2129375/dataset/tts_audio_diff_ref/audio_0028.wav,city
我想点播郑俊英的音乐,/home/v2129375/dataset/tts_audio_diff_ref/audio_0029.wav,music
我想点播电视剧《白雪公主》。,/home/v2129375/dataset/tts_audio_diff_ref/audio_0030.wav,video
我想点播林宥嘉的《无言的爱》,/home/v2129375/dataset/tts_audio_diff_ref/audio_0031.wav,music
我想点播电视剧《小白兔》。,/home/v2129375/dataset/tts_audio_diff_ref/audio_0032.wav,video
我想看李茶的姑妈的点播视频,/home/v2129375/dataset/tts_audio_diff_ref/audio_0033.wav,video
我想点播罗时丰的音乐,/home/v2129375/dataset/tts_audio_diff_ref/audio_0034.wav,music
我想看黑山匪帮的点播视频,/home/v2129375/dataset/tts_audio_diff_ref/audio_0035.wav,video
我想看电视剧淡淡哀愁,/home/v2129375/dataset/tts_audio_diff_ref/audio_0036.wav,video
松原的天气怎么样？,/home/v2129375/dataset/tts_audio_diff_ref/audio_0037.wav,city
我想听德国战车的音乐,/home/v2129375/dataset/tts_audio_diff_ref/audio_0038.wav,music
海北州的天气怎么样？,/home/v2129375/dataset/tts_audio_diff_ref/audio_0039.wav,city
扬州市的天气怎么样？,/home/v2129375/dataset/tts_audio_diff_ref/audio_0040.wav,city
我想点播杨峻荣的音乐,/home/v2129375/dataset/tts_audio_diff_ref/audio_0041.wav,music
赣州市的天气怎么样？,/home/v2129375/dataset/tts_audio_diff_ref/audio_0042.wav,city
深圳的天气怎么样？,/home/v2129375/dataset/tts_audio_diff_ref/audio_0043.wav,city
惠州市的天气怎么样？,/home/v2129375/dataset/tts_audio_diff_ref/audio_0044.wav,city
我想看陆军野战医院的点播视频,/home/v2129375/dataset/tts_audio_diff_ref/audio_0045.wav,video
日喀则市的天气怎么样？,/home/v2129375/dataset/tts_audio_diff_ref/audio_0046.wav,city
我想看无名之辈的电影,/home/v2129375/dataset/tts_audio_diff_ref/audio_0047.wav,video
长春的天气怎么样？,/home/v2129375/dataset/tts_audio_diff_ref/audio_0048.wav,city
我想点播《速度与激情六》,/home/v2129375/dataset/tts_audio_diff_ref/audio_0049.wav,video
我想点播吴倩莲的音乐,/home/v2129375/dataset/tts_audio_diff_ref/audio_0050.wav,music
我想听钟洁的音乐,/home/v2129375/dataset/tts_audio_diff_ref/audio_0051.wav,music
我想点播电视剧相依为命,/home/v2129375/dataset/tts_audio_diff_ref/audio_0052.wav,video
我想点播小二郎的电视剧,/home/v2129375/dataset/tts_audio_diff_ref/audio_0053.wav,video
我想点播电视剧《小花仙》。,/home/v2129375/dataset/tts_audio_diff_ref/audio_0054.wav,video
深圳的天气怎么样？,/home/v2129375/dataset/tts_audio_diff_ref/audio_0055.wav,city
我想看电视剧倚天屠龙记,/home/v2129375/dataset/tts_audio_diff_ref/audio_0056.wav,video
临沧市的天气怎么样？,/home/v2129375/dataset/tts_audio_diff_ref/audio_0057.wav,city
我想点播芭比娃娃的电影。,/home/v2129375/dataset/tts_audio_diff_ref/audio_0058.wav,video
六盘水市的天气怎么样？,/home/v2129375/dataset/tts_audio_diff_ref/audio_0059.wav,city
我想点播电视剧西区故事,/home/v2129375/dataset/tts_audio_diff_ref/audio_0060.wav,video
池州市今天的天气怎么样？,/home/v2129375/dataset/tts_audio_diff_ref/audio_0061.wav,city
我想看电影《美人鱼》。,/home/v2129375/dataset/tts_audio_diff_ref/audio_0062.wav,video
深圳的天气怎么样？,/home/v2129375/dataset/tts_audio_diff_ref/audio_0063.wav,city
我想点播潘玮柏的弦子,/home/v2129375/dataset/tts_audio_diff_ref/audio_0064.wav,music
我想点播电视剧汪汪队立大功,/home/v2129375/dataset/tts_audio_diff_ref/audio_0065.wav,video
我想看电视剧女神有药,/home/v2129375/dataset/tts_audio_diff_ref/audio_0066.wav,video
巴彦淖尔市的天气怎么样？,/home/v2129375/dataset/tts_audio_diff_ref/audio_0067.wav,city
昆明的天气怎么样？,/home/v2129375/dataset/tts_audio_diff_ref/audio_0068.wav,city
我想点播五轮真弓,/home/v2129375/dataset/tts_audio_diff_ref/audio_0069.wav,music
文山州的天气怎么样？,/home/v2129375/dataset/tts_audio_diff_ref/audio_0070.wav,city
我想看城市之光的点播视频,/home/v2129375/dataset/tts_audio_diff_ref/audio_0071.wav,video
我想点播杨世瀚的音乐,/home/v2129375/dataset/tts_audio_diff_ref/audio_0072.wav,music
深圳的天气怎么样？,/home/v2129375/dataset/tts_audio_diff_ref/audio_0073.wav,city
深圳的天气怎么样？,/home/v2129375/dataset/tts_audio_diff_ref/audio_0074.wav,city
怀化的天气怎么样？,/home/v2129375/dataset/tts_audio_diff_ref/audio_0075.wav,city
深圳的天气怎么样？,/home/v2129375/dataset/tts_audio_diff_ref/audio_0076.wav,city
我想看张大千的纪录片,/home/v2129375/dataset/tts_audio_diff_ref/audio_0077.wav,video
我想看青蛙总动员的点播视频,/home/v2129375/dataset/tts_audio_diff_ref/audio_0078.wav,video
泰州的天气怎么样？,/home/v2129375/dataset/tts_audio_diff_ref/audio_0079.wav,city
珠海今天的天气怎么样？,/home/v2129375/dataset/tts_audio_diff_ref/audio_0080.wav,city
德州的天气怎么样？,/home/v2129375/dataset/tts_audio_diff_ref/audio_0081.wav,city
我想点播电视剧《天神之国》。,/home/v2129375/dataset/tts_audio_diff_ref/audio_0082.wav,video
自贡的天气如何？,/home/v2129375/dataset/tts_audio_diff_ref/audio_0083.wav,city
桃园市的天气怎么样？,/home/v2129375/dataset/tts_audio_diff_ref/audio_0084.wav,city
深圳的天气怎么样？,/home/v2129375/dataset/tts_audio_diff_ref/audio_0085.wav,city
黄南州的天气怎么样？,/home/v2129375/dataset/tts_audio_diff_ref/audio_0086.wav,city
我想点播张德豪的音乐,/home/v2129375/dataset/tts_audio_diff_ref/audio_0087.wav,music
南京今天的天气怎么样？,/home/v2129375/dataset/tts_audio_diff_ref/audio_0088.wav,city
德州市的天气怎么样？,/home/v2129375/dataset/tts_audio_diff_ref/audio_0089.wav,city
我想点播金京浩的音乐,/home/v2129375/dataset/tts_audio_diff_ref/audio_0090.wav,music
新竹天气如何？,/home/v2129375/dataset/tts_audio_diff_ref/audio_0091.wav,city
九江的天气怎么样？,/home/v2129375/dataset/tts_audio_diff_ref/audio_0092.wav,city
我想点播田馥甄的音乐,/home/v2129375/dataset/tts_audio_diff_ref/audio_0093.wav,music
深圳的天气怎么样？,/home/v2129375/dataset/tts_audio_diff_ref/audio_0094.wav,city
我想看郑培民的电视剧,/home/v2129375/dataset/tts_audio_diff_ref/audio_0095.wav,video
我想点播电视剧阿唐奇遇,/home/v2129375/dataset/tts_audio_diff_ref/audio_0096.wav,video
我想看电视剧巴顿将军,/home/v2129375/dataset/tts_audio_diff_ref/audio_0097.wav,video
我想点播海贼王。,/home/v2129375/dataset/tts_audio_diff_ref/audio_0098.wav,video
我想点播《万圣节》视频。,/home/v2129375/dataset/tts_audio_diff_ref/audio_0099.wav,video
黔南布依族自治州的天气怎么样？,/home/v2129375/dataset/tts_audio_diff_ref/audio_0100.wav,city
我想点播六仔的音乐,/home/v2129375/dataset/tts_audio_diff_ref/audio_0101.wav,music
深圳的天气怎么样？,/home/v2129375/dataset/tts_audio_diff_ref/audio_0102.wav,city
我想点播电视剧《爱的解脱》。,/home/v2129375/dataset/tts_audio_diff_ref/audio_0103.wav,video
武汉市的天气怎么样？,/home/v2129375/dataset/tts_audio_diff_ref/audio_0104.wav,city
我想点播高原红,/home/v2129375/dataset/tts_audio_diff_ref/audio_0105.wav,music
深圳的天气怎么样？,/home/v2129375/dataset/tts_audio_diff_ref/audio_0106.wav,city
大阪的天气怎么样？,/home/v2129375/dataset/tts_audio_diff_ref/audio_0107.wav,city
庆阳的天气怎么样？,/home/v2129375/dataset/tts_audio_diff_ref/audio_0108.wav,city
深圳的天气怎么样？,/home/v2129375/dataset/tts_audio_diff_ref/audio_0109.wav,city
乌鲁木齐市的天气怎么样？,/home/v2129375/dataset/tts_audio_diff_ref/audio_0110.wav,city
我想看电影血染,/home/v2129375/dataset/tts_audio_diff_ref/audio_0111.wav,video
珠海市的天气怎么样？,/home/v2129375/dataset/tts_audio_diff_ref/audio_0112.wav,city
我想点播电视剧《公主》。,/home/v2129375/dataset/tts_audio_diff_ref/audio_0113.wav,video
晋中市的天气怎么样？,/home/v2129375/dataset/tts_audio_diff_ref/audio_0114.wav,city
我想点播张碧晨的《无言的爱》,/home/v2129375/dataset/tts_audio_diff_ref/audio_0115.wav,music
西宁的天气怎么样？,/home/v2129375/dataset/tts_audio_diff_ref/audio_0116.wav,city
我想点播秘密森林。,/home/v2129375/dataset/tts_audio_diff_ref/audio_0117.wav,video
我想点播黄婉秋的音乐,/home/v2129375/dataset/tts_audio_diff_ref/audio_0118.wav,music
迪庆藏族自治州的天气怎么样？,/home/v2129375/dataset/tts_audio_diff_ref/audio_0119.wav,city
我想点播悟空的音乐,/home/v2129375/dataset/tts_audio_diff_ref/audio_0120.wav,music
深圳的天气怎么样？,/home/v2129375/dataset/tts_audio_diff_ref/audio_0121.wav,city
宿州的天气怎么样？,/home/v2129375/dataset/tts_audio_diff_ref/audio_0122.wav,city
我想听巴赫的圣诞序曲,/home/v2129375/dataset/tts_audio_diff_ref/audio_0123.wav,music
我想看电视剧手指运动,/home/v2129375/dataset/tts_audio_diff_ref/audio_0124.wav,video
深圳的天气怎么样？,/home/v2129375/dataset/tts_audio_diff_ref/audio_0125.wav,city
攀枝花天气如何？,/home/v2129375/dataset/tts_audio_diff_ref/audio_0126.wav,city
我想点播彼得兔的电影。,/home/v2129375/dataset/tts_audio_diff_ref/audio_0127.wav,video
我想点播五四零四五,/home/v2129375/dataset/tts_audio_diff_ref/audio_0128.wav,music
百色市的天气怎么样？,/home/v2129375/dataset/tts_audio_diff_ref/audio_0129.wav,city
我想点播菜菜的音乐,/home/v2129375/dataset/tts_audio_diff_ref/audio_0130.wav,music
我想点播电视剧《摩登时代》。,/home/v2129375/dataset/tts_audio_diff_ref/audio_0131.wav,video
香港今天的天气如何？,/home/v2129375/dataset/tts_audio_diff_ref/audio_0132.wav,city
巴音郭楞蒙古自治州的天气怎么样？,/home/v2129375/dataset/tts_audio_diff_ref/audio_0133.wav,city
我想点播电视剧《父子雄兵》。,/home/v2129375/dataset/tts_audio_diff_ref/audio_0134.wav,video
玉树自治州的天气怎么样？,/home/v2129375/dataset/tts_audio_diff_ref/audio_0135.wav,city
我想看点播视频葫芦娃,/home/v2129375/dataset/tts_audio_diff_ref/audio_0136.wav,video
我想点播一零二二女声的音乐。,/home/v2129375/dataset/tts_audio_diff_ref/audio_0137.wav,music
我想点播林俊杰怀秋,/home/v2129375/dataset/tts_audio_diff_ref/audio_0138.wav,music
我想点播电视剧与狼共舞,/home/v2129375/dataset/tts_audio_diff_ref/audio_0139.wav,video
我想点播高晓松的《我爱你》,/home/v2129375/dataset/tts_audio_diff_ref/audio_0140.wav,music
黑河的天气怎么样？,/home/v2129375/dataset/tts_audio_diff_ref/audio_0141.wav,city
我想点播杨朗朗的音乐,/home/v2129375/dataset/tts_audio_diff_ref/audio_0142.wav,music
我想点播谭维维的《我爱你》,/home/v2129375/dataset/tts_audio_diff_ref/audio_0143.wav,music
七台河市的天气怎么样？,/home/v2129375/dataset/tts_audio_diff_ref/audio_0144.wav,city
深圳的天气怎么样？,/home/v2129375/dataset/tts_audio_diff_ref/audio_0145.wav,city
南通今天的天气怎么样？,/home/v2129375/dataset/tts_audio_diff_ref/audio_0146.wav,city
我想点播屠洪刚的音乐,/home/v2129375/dataset/tts_audio_diff_ref/audio_0147.wav,music
我想点播贾乃亮的歌曲,/home/v2129375/dataset/tts_audio_diff_ref/audio_0148.wav,music
天水的天气怎么样？,/home/v2129375/dataset/tts_audio_diff_ref/audio_0149.wav,city
我想点播电视剧椰子革命,/home/v2129375/dataset/tts_audio_diff_ref/audio_0150.wav,video
我想点播电视剧聪明的一休,/home/v2129375/dataset/tts_audio_diff_ref/audio_0151.wav,video
亳州的天气怎么样？,/home/v2129375/dataset/tts_audio_diff_ref/audio_0152.wav,city
我想点播郁可唯的《无言的爱》,/home/v2129375/dataset/tts_audio_diff_ref/audio_0153.wav,music
我想点播蒋大为的音乐,/home/v2129375/dataset/tts_audio_diff_ref/audio_0154.wav,music
漳州的天气怎么样？,/home/v2129375/dataset/tts_audio_diff_ref/audio_0155.wav,city
我想点播赵天鸽的音乐,/home/v2129375/dataset/tts_audio_diff_ref/audio_0156.wav,music
我想点播电视剧《巨人》。,/home/v2129375/dataset/tts_audio_diff_ref/audio_0157.wav,video
深圳的天气怎么样？,/home/v2129375/dataset/tts_audio_diff_ref/audio_0158.wav,city
我想点播昂贵的牙医的剧集,/home/v2129375/dataset/tts_audio_diff_ref/audio_0159.wav,video
江门市的天气怎么样？,/home/v2129375/dataset/tts_audio_diff_ref/audio_0160.wav,city
西双版纳的天气怎么样？,/home/v2129375/dataset/tts_audio_diff_ref/audio_0161.wav,city
深圳的天气怎么样？,/home/v2129375/dataset/tts_audio_diff_ref/audio_0162.wav,city
深圳的天气怎么样？,/home/v2129375/dataset/tts_audio_diff_ref/audio_0163.wav,city
深圳的天气怎么样？,/home/v2129375/dataset/tts_audio_diff_ref/audio_0164.wav,city
我想看狂犬战神的点播视频,/home/v2129375/dataset/tts_audio_diff_ref/audio_0165.wav,video
我想看电视剧舌尖上的中国,/home/v2129375/dataset/tts_audio_diff_ref/audio_0166.wav,video
我想看电视剧关山飞渡,/home/v2129375/dataset/tts_audio_diff_ref/audio_0167.wav,video
石家庄市的天气怎么样？,/home/v2129375/dataset/tts_audio_diff_ref/audio_0168.wav,city
我想看红色的电影,/home/v2129375/dataset/tts_audio_diff_ref/audio_0169.wav,video
许昌市的天气怎么样？,/home/v2129375/dataset/tts_audio_diff_ref/audio_0170.wav,city
海口今天的天气怎么样？,/home/v2129375/dataset/tts_audio_diff_ref/audio_0171.wav,city
东京的天气怎么样？,/home/v2129375/dataset/tts_audio_diff_ref/audio_0172.wav,city
晋中天气怎么样？,/home/v2129375/dataset/tts_audio_diff_ref/audio_0173.wav,city
吐鲁番的天气怎么样？,/home/v2129375/dataset/tts_audio_diff_ref/audio_0174.wav,city
深圳的天气怎么样？,/home/v2129375/dataset/tts_audio_diff_ref/audio_0175.wav,city
我想点播邓丽君的《春风又绿江南岸》,/home/v2129375/dataset/tts_audio_diff_ref/audio_0176.wav,music
深圳的天气怎么样？,/home/v2129375/dataset/tts_audio_diff_ref/audio_0177.wav,city
深圳的天气怎么样？,/home/v2129375/dataset/tts_audio_diff_ref/audio_0178.wav,city
我想点播张宇的音乐,/home/v2129375/dataset/tts_audio_diff_ref/audio_0179.wav,music
邵阳的天气怎么样？,/home/v2129375/dataset/tts_audio_diff_ref/audio_0180.wav,city
我想点播电视剧阿拉伯的劳伦斯,/home/v2129375/dataset/tts_audio_diff_ref/audio_0181.wav,video
我想看电视剧《法国贩毒网》。,/home/v2129375/dataset/tts_audio_diff_ref/audio_0182.wav,video
武汉的天气如何？,/home/v2129375/dataset/tts_audio_diff_ref/audio_0183.wav,city
我想点播宋祖英的音乐,/home/v2129375/dataset/tts_audio_diff_ref/audio_0184.wav,music
我想点播马爱媛的《爱之旅》,/home/v2129375/dataset/tts_audio_diff_ref/audio_0185.wav,music
聊城今天的天气怎么样？,/home/v2129375/dataset/tts_audio_diff_ref/audio_0186.wav,city
随州的天气怎么样？,/home/v2129375/dataset/tts_audio_diff_ref/audio_0187.wav,city
我想看电视剧好久不见,/home/v2129375/dataset/tts_audio_diff_ref/audio_0188.wav,video
淮安的天气怎么样？,/home/v2129375/dataset/tts_audio_diff_ref/audio_0189.wav,city
我想看点播视频消减,/home/v2129375/dataset/tts_audio_diff_ref/audio_0190.wav,video
我想点播简广易的《我爱你》,/home/v2129375/dataset/tts_audio_diff_ref/audio_0191.wav,music
我想看电视剧伪装者,/home/v2129375/dataset/tts_audio_diff_ref/audio_0192.wav,video
湖州的天气如何？,/home/v2129375/dataset/tts_audio_diff_ref/audio_0193.wav,city
我想点播上官晓懿常闻迪的音乐,/home/v2129375/dataset/tts_audio_diff_ref/audio_0194.wav,music
张掖的天气怎么样？,/home/v2129375/dataset/tts_audio_diff_ref/audio_0195.wav,city
我想听冷血动物的音乐,/home/v2129375/dataset/tts_audio_diff_ref/audio_0196.wav,music
楚雄州的天气怎么样？,/home/v2129375/dataset/tts_audio_diff_ref/audio_0197.wav,city
我想点播中国新歌声的电视剧,/home/v2129375/dataset/tts_audio_diff_ref/audio_0198.wav,video
保定市的天气怎么样？,/home/v2129375/dataset/tts_audio_diff_ref/audio_0199.wav,city
我想看点播视频瓢虫雷迪,/home/v2129375/dataset/tts_audio_diff_ref/audio_0200.wav,video
柳州的天气怎么样？,/home/v2129375/dataset/tts_audio_diff_ref/audio_0201.wav,city
我想点播孙楠的音乐,/home/v2129375/dataset/tts_audio_diff_ref/audio_0202.wav,music
连云港今天的天气怎么样？,/home/v2129375/dataset/tts_audio_diff_ref/audio_0203.wav,city
防城港的天气怎么样？,/home/v2129375/dataset/tts_audio_diff_ref/audio_0204.wav,city
阿坝自治州的天气怎么样？,/home/v2129375/dataset/tts_audio_diff_ref/audio_0205.wav,city
我想点播电视剧午夜牛郎,/home/v2129375/dataset/tts_audio_diff_ref/audio_0206.wav,video
我想点播芭比公主的电影。,/home/v2129375/dataset/tts_audio_diff_ref/audio_0207.wav,video
深圳的天气怎么样？,/home/v2129375/dataset/tts_audio_diff_ref/audio_0208.wav,city
我想点播豆子民的音乐,/home/v2129375/dataset/tts_audio_diff_ref/audio_0209.wav,music
阿勒泰的天气怎么样？,/home/v2129375/dataset/tts_audio_diff_ref/audio_0210.wav,city
我想看电视剧《我不是药神》。,/home/v2129375/dataset/tts_audio_diff_ref/audio_0211.wav,video
洛阳的天气如何？,/home/v2129375/dataset/tts_audio_diff_ref/audio_0212.wav,city
舟山市的天气怎么样？,/home/v2129375/dataset/tts_audio_diff_ref/audio_0213.wav,city
深圳的天气怎么样？,/home/v2129375/dataset/tts_audio_diff_ref/audio_0214.wav,city
我想看电视剧大头儿子小头爸爸围裙妈妈,/home/v2129375/dataset/tts_audio_diff_ref/audio_0215.wav,video
我想看电视剧宾虚,/home/v2129375/dataset/tts_audio_diff_ref/audio_0216.wav,video
平凉市的天气怎么样？,/home/v2129375/dataset/tts_audio_diff_ref/audio_0217.wav,city
南昌的天气怎么样？,/home/v2129375/dataset/tts_audio_diff_ref/audio_0218.wav,city
我想看《欢乐喜剧人》,/home/v2129375/dataset/tts_audio_diff_ref/audio_0219.wav,video
拉萨的天气如何？,/home/v2129375/dataset/tts_audio_diff_ref/audio_0220.wav,city
文山壮族苗族自治州的天气怎么样？,/home/v2129375/dataset/tts_audio_diff_ref/audio_0221.wav,city
我想点播电视剧一路有你,/home/v2129375/dataset/tts_audio_diff_ref/audio_0222.wav,video
深圳的天气怎么样？,/home/v2129375/dataset/tts_audio_diff_ref/audio_0223.wav,city
我想点播魔幻陀螺,/home/v2129375/dataset/tts_audio_diff_ref/audio_0224.wav,video
我想点播刀郎的音乐,/home/v2129375/dataset/tts_audio_diff_ref/audio_0225.wav,music
贵阳的天气如何？,/home/v2129375/dataset/tts_audio_diff_ref/audio_0226.wav,city
吐鲁番市的天气怎么样？,/home/v2129375/dataset/tts_audio_diff_ref/audio_0227.wav,city
我想点播电视剧桃色公寓,/home/v2129375/dataset/tts_audio_diff_ref/audio_0228.wav,video
海南自治州的天气怎么样？,/home/v2129375/dataset/tts_audio_diff_ref/audio_0229.wav,city
我想点播电视剧《胜利之歌》。,/home/v2129375/dataset/tts_audio_diff_ref/audio_0230.wav,video
湘西土家族自治州的天气怎么样？,/home/v2129375/dataset/tts_audio_diff_ref/audio_0231.wav,city
我想看白白雪公主和七个小矮人。,/home/v2129375/dataset/tts_audio_diff_ref/audio_0232.wav,video
深圳的天气怎么样？,/home/v2129375/dataset/tts_audio_diff_ref/audio_0233.wav,city
我想点播中国音乐之声,/home/v2129375/dataset/tts_audio_diff_ref/audio_0234.wav,video
黔东南州的天气怎么样？,/home/v2129375/dataset/tts_audio_diff_ref/audio_0235.wav,city
我想点播老狼的音乐,/home/v2129375/dataset/tts_audio_diff_ref/audio_0236.wav,music
吉林市的天气怎么样？,/home/v2129375/dataset/tts_audio_diff_ref/audio_0237.wav,city
保定的天气怎么样？,/home/v2129375/dataset/tts_audio_diff_ref/audio_0238.wav,city
深圳的天气怎么样？,/home/v2129375/dataset/tts_audio_diff_ref/audio_0239.wav,city
辽宁省的天气怎么样？,/home/v2129375/dataset/tts_audio_diff_ref/audio_0240.wav,city
我想点播摔跤吧爸爸,/home/v2129375/dataset/tts_audio_diff_ref/audio_0241.wav,video
我想点播苏俹的《无名之辈》,/home/v2129375/dataset/tts_audio_diff_ref/audio_0242.wav,music
通辽市的天气怎么样？,/home/v2129375/dataset/tts_audio_diff_ref/audio_0243.wav,city
我想看黑猫警长的点播视频,/home/v2129375/dataset/tts_audio_diff_ref/audio_0244.wav,video
我想看电视剧赎罪者,/home/v2129375/dataset/tts_audio_diff_ref/audio_0245.wav,video
深圳的天气怎么样？,/home/v2129375/dataset/tts_audio_diff_ref/audio_0246.wav,city
我想点播电视剧《花千骨》。,/home/v2129375/dataset/tts_audio_diff_ref/audio_0247.wav,video
怀化的天气怎么样？,/home/v2129375/dataset/tts_audio_diff_ref/audio_0248.wav,city
青岛今天的天气怎么样？,/home/v2129375/dataset/tts_audio_diff_ref/audio_0249.wav,city
牡丹江市的天气怎么样？,/home/v2129375/dataset/tts_audio_diff_ref/audio_0250.wav,city
我想点播泰罗奥特曼,/home/v2129375/dataset/tts_audio_diff_ref/audio_0251.wav,video
我想听郭富城的《我爱你》,/home/v2129375/dataset/tts_audio_diff_ref/audio_0252.wav,music
萍乡市的天气怎么样？,/home/v2129375/dataset/tts_audio_diff_ref/audio_0253.wav,city
南京今天的天气怎么样？,/home/v2129375/dataset/tts_audio_diff_ref/audio_0254.wav,city
黔西南州的天气怎么样？,/home/v2129375/dataset/tts_audio_diff_ref/audio_0255.wav,city
巴音郭楞州的天气怎么样？,/home/v2129375/dataset/tts_audio_diff_ref/audio_0256.wav,city
果洛州的天气怎么样？,/home/v2129375/dataset/tts_audio_diff_ref/audio_0257.wav,city
我想点播陈芳语的音乐,/home/v2129375/dataset/tts_audio_diff_ref/audio_0258.wav,music
桂林市的天气怎么样？,/home/v2129375/dataset/tts_audio_diff_ref/audio_0259.wav,city
晋城的天气怎么样？,/home/v2129375/dataset/tts_audio_diff_ref/audio_0260.wav,city
鄂州市的天气怎么样？,/home/v2129375/dataset/tts_audio_diff_ref/audio_0261.wav,city
扬州今天的天气怎么样？,/home/v2129375/dataset/tts_audio_diff_ref/audio_0262.wav,city
我想点播朴树的《无题》,/home/v2129375/dataset/tts_audio_diff_ref/audio_0263.wav,music
苏州今天的天气怎么样？,/home/v2129375/dataset/tts_audio_diff_ref/audio_0264.wav,city
莫斯科的天气怎么样？,/home/v2129375/dataset/tts_audio_diff_ref/audio_0265.wav,city
我想点播陆墨妮的《我爱你》,/home/v2129375/dataset/tts_audio_diff_ref/audio_0266.wav,music
我想点播江音,/home/v2129375/dataset/tts_audio_diff_ref/audio_0267.wav,music
我想点播阎琰的音乐,/home/v2129375/dataset/tts_audio_diff_ref/audio_0268.wav,music
我想点播电视剧《爱情狂想曲》。,/home/v2129375/dataset/tts_audio_diff_ref/audio_0269.wav,video
我想点播林智文的音乐,/home/v2129375/dataset/tts_audio_diff_ref/audio_0270.wav,music
我想听癫狂收音机的音乐,/home/v2129375/dataset/tts_audio_diff_ref/audio_0271.wav,music
我想点播降央卓玛的音乐,/home/v2129375/dataset/tts_audio_diff_ref/audio_0272.wav,music
汕头市的天气怎么样？,/home/v2129375/dataset/tts_audio_diff_ref/audio_0273.wav,city
我想点播李宗盛的音乐,/home/v2129375/dataset/tts_audio_diff_ref/audio_0274.wav,music
我想看后天的电视剧,/home/v2129375/dataset/tts_audio_diff_ref/audio_0275.wav,video
我想看下南洋的点播视频,/home/v2129375/dataset/tts_audio_diff_ref/audio_0276.wav,video
我想点播黄家驹的音乐,/home/v2129375/dataset/tts_audio_diff_ref/audio_0277.wav,music
莱芜的天气怎么样？,/home/v2129375/dataset/tts_audio_diff_ref/audio_0278.wav,city
深圳的天气怎么样？,/home/v2129375/dataset/tts_audio_diff_ref/audio_0279.wav,city
三沙的天气怎么样？,/home/v2129375/dataset/tts_audio_diff_ref/audio_0280.wav,city
我想点播窈窕美眉的音乐,/home/v2129375/dataset/tts_audio_diff_ref/audio_0281.wav,music
我想看电视剧杀死一只知更鸟,/home/v2129375/dataset/tts_audio_diff_ref/audio_0282.wav,video
自贡市的天气怎么样？,/home/v2129375/dataset/tts_audio_diff_ref/audio_0283.wav,city
六安的天气怎么样？,/home/v2129375/dataset/tts_audio_diff_ref/audio_0284.wav,city
临夏的天气怎么样？,/home/v2129375/dataset/tts_audio_diff_ref/audio_0285.wav,city
襄樊市的天气怎么样？,/home/v2129375/dataset/tts_audio_diff_ref/audio_0286.wav,city
我想看双重赔偿的点播视频,/home/v2129375/dataset/tts_audio_diff_ref/audio_0287.wav,video
我想看电视剧惬意生活,/home/v2129375/dataset/tts_audio_diff_ref/audio_0288.wav,video
嘉义的天气如何？,/home/v2129375/dataset/tts_audio_diff_ref/audio_0289.wav,city
我想看电影阿甘正传,/home/v2129375/dataset/tts_audio_diff_ref/audio_0290.wav,video
湘西自治州的天气怎么样？,/home/v2129375/dataset/tts_audio_diff_ref/audio_0291.wav,city
我想点播电视剧幸福满贯,/home/v2129375/dataset/tts_audio_diff_ref/audio_0292.wav,video
我想点播十二大美女的音乐,/home/v2129375/dataset/tts_audio_diff_ref/audio_0293.wav,music
我想点播电视剧《两只老虎》。,/home/v2129375/dataset/tts_audio_diff_ref/audio_0294.wav,video
我想看美味情缘的点播视频,/home/v2129375/dataset/tts_audio_diff_ref/audio_0295.wav,video
我想点播李宇春的《无言的爱》,/home/v2129375/dataset/tts_audio_diff_ref/audio_0296.wav,music
我想看《电击小子》,/home/v2129375/dataset/tts_audio_diff_ref/audio_0297.wav,video
赣州市的天气怎么样？,/home/v2129375/dataset/tts_audio_diff_ref/audio_0298.wav,city
邢台的天气怎么样？,/home/v2129375/dataset/tts_audio_diff_ref/audio_0299.wav,city
深圳的天气怎么样？,/home/v2129375/dataset/tts_audio_diff_ref/audio_0300.wav,city
我想点播《千与千寻》,/home/v2129375/dataset/tts_audio_diff_ref/audio_0301.wav,video
内江市今天的天气怎么样？,/home/v2129375/dataset/tts_audio_diff_ref/audio_0302.wav,city
深圳的天气怎么样？,/home/v2129375/dataset/tts_audio_diff_ref/audio_0303.wav,city
杭州市的天气如何？,/home/v2129375/dataset/tts_audio_diff_ref/audio_0304.wav,city
我想点播张明敏的音乐,/home/v2129375/dataset/tts_audio_diff_ref/audio_0305.wav,music
中山市今天的天气怎么样？,/home/v2129375/dataset/tts_audio_diff_ref/audio_0306.wav,city
濮阳的天气怎么样？,/home/v2129375/dataset/tts_audio_diff_ref/audio_0307.wav,city
克孜勒苏州的天气怎么样？,/home/v2129375/dataset/tts_audio_diff_ref/audio_0308.wav,city
我想点播圣以琳的音乐事工,/home/v2129375/dataset/tts_audio_diff_ref/audio_0309.wav,music
我想看《奇爱博士》,/home/v2129375/dataset/tts_audio_diff_ref/audio_0310.wav,video
杭州今天的天气怎么样？,/home/v2129375/dataset/tts_audio_diff_ref/audio_0311.wav,city
宁波今天的天气怎么样？,/home/v2129375/dataset/tts_audio_diff_ref/audio_0312.wav,city
我想点播电视剧《一日情深》。,/home/v2129375/dataset/tts_audio_diff_ref/audio_0313.wav,video
西双版纳傣族自治州的天气怎么样？,/home/v2129375/dataset/tts_audio_diff_ref/audio_0314.wav,city
我想看电视剧人再囧途,/home/v2129375/dataset/tts_audio_diff_ref/audio_0315.wav,video
我想点播陈娇的《我爱你》,/home/v2129375/dataset/tts_audio_diff_ref/audio_0316.wav,music
我想点播天佑的音乐,/home/v2129375/dataset/tts_audio_diff_ref/audio_0317.wav,music
重庆今天的天气怎么样？,/home/v2129375/dataset/tts_audio_diff_ref/audio_0318.wav,city
我想点播电视剧天仙配,/home/v2129375/dataset/tts_audio_diff_ref/audio_0319.wav,video
我想点播小臭臭,/home/v2129375/dataset/tts_audio_diff_ref/audio_0320.wav,music
台中天气如何？,/home/v2129375/dataset/tts_audio_diff_ref/audio_0321.wav,city
我想点播小毛驴的剧集,/home/v2129375/dataset/tts_audio_diff_ref/audio_0322.wav,video
我想看电视剧悲伤逆流成河,/home/v2129375/dataset/tts_audio_diff_ref/audio_0323.wav,video
楚雄的天气怎么样？,/home/v2129375/dataset/tts_audio_diff_ref/audio_0324.wav,city
阿姆斯特丹的天气怎么样？,/home/v2129375/dataset/tts_audio_diff_ref/audio_0325.wav,city
我想点播电视剧《爱探险的朵拉》。,/home/v2129375/dataset/tts_audio_diff_ref/audio_0326.wav,video
深圳的天气怎么样？,/home/v2129375/dataset/tts_audio_diff_ref/audio_0327.wav,city
我想点播斯蒂尔的《The A Team》,/home/v2129375/dataset/tts_audio_diff_ref/audio_0328.wav,music
晋城市的天气怎么样？,/home/v2129375/dataset/tts_audio_diff_ref/audio_0329.wav,city
文山壮族自治州的天气怎么样？,/home/v2129375/dataset/tts_audio_diff_ref/audio_0330.wav,city
广州今天的天气怎么样？,/home/v2129375/dataset/tts_audio_diff_ref/audio_0331.wav,city
绵阳天气如何？,/home/v2129375/dataset/tts_audio_diff_ref/audio_0332.wav,city
海北藏族自治州的天气怎么样？,/home/v2129375/dataset/tts_audio_diff_ref/audio_0333.wav,city
宿迁的天气怎么样？,/home/v2129375/dataset/tts_audio_diff_ref/audio_0334.wav,city
我想看《爱情公寓》,/home/v2129375/dataset/tts_audio_diff_ref/audio_0335.wav,video
深圳的天气怎么样？,/home/v2129375/dataset/tts_audio_diff_ref/audio_0336.wav,city
深圳的天气怎么样？,/home/v2129375/dataset/tts_audio_diff_ref/audio_0337.wav,city
哈尔滨的天气怎么样？,/home/v2129375/dataset/tts_audio_diff_ref/audio_0338.wav,city
我想看切除的剧集,/home/v2129375/dataset/tts_audio_diff_ref/audio_0339.wav,video
深圳的天气怎么样？,/home/v2129375/dataset/tts_audio_diff_ref/audio_0340.wav,city
我想点播电视剧大染坊,/home/v2129375/dataset/tts_audio_diff_ref/audio_0341.wav,video
盐城的天气怎么样？,/home/v2129375/dataset/tts_audio_diff_ref/audio_0342.wav,city
我想点播杨坤的《无言的爱》,/home/v2129375/dataset/tts_audio_diff_ref/audio_0343.wav,music
荆州市的天气怎么样？,/home/v2129375/dataset/tts_audio_diff_ref/audio_0344.wav,city
我想看归乡的点播视频,/home/v2129375/dataset/tts_audio_diff_ref/audio_0345.wav,video
我想看电视剧虎女龙驹,/home/v2129375/dataset/tts_audio_diff_ref/audio_0346.wav,video
深圳的天气如何？,/home/v2129375/dataset/tts_audio_diff_ref/audio_0347.wav,city
我想点播邓超的音乐,/home/v2129375/dataset/tts_audio_diff_ref/audio_0348.wav,music
我想点播刘胡铁的《我爱你》,/home/v2129375/dataset/tts_audio_diff_ref/audio_0349.wav,music
深圳的天气怎么样？,/home/v2129375/dataset/tts_audio_diff_ref/audio_0350.wav,city
我想点播电视剧狄仁杰之四大天王,/home/v2129375/dataset/tts_audio_diff_ref/audio_0351.wav,video
衢州今天的天气怎么样？,/home/v2129375/dataset/tts_audio_diff_ref/audio_0352.wav,city
保山市的天气怎么样？,/home/v2129375/dataset/tts_audio_diff_ref/audio_0353.wav,city
我想看电视剧《我有一个好爸爸》。,/home/v2129375/dataset/tts_audio_diff_ref/audio_0354.wav,video
深圳的天气怎么样？,/home/v2129375/dataset/tts_audio_diff_ref/audio_0355.wav,city
我想点播季红的音乐,/home/v2129375/dataset/tts_audio_diff_ref/audio_0356.wav,music
我想看点播视频那是说着玩的,/home/v2129375/dataset/tts_audio_diff_ref/audio_0357.wav,video
我想点播电视剧《小星星》。,/home/v2129375/dataset/tts_audio_diff_ref/audio_0358.wav,video
我想点播电视剧《我是我》。,/home/v2129375/dataset/tts_audio_diff_ref/audio_0359.wav,video
鹤岗市的天气怎么样？,/home/v2129375/dataset/tts_audio_diff_ref/audio_0360.wav,city
嘉兴今天的天气怎么样？,/home/v2129375/dataset/tts_audio_diff_ref/audio_0361.wav,city
金昌的天气怎么样？,/home/v2129375/dataset/tts_audio_diff_ref/audio_0362.wav,city
我想点播徐佳丽的音乐,/home/v2129375/dataset/tts_audio_diff_ref/audio_0363.wav,music
我想看宠物英雄的点播视频,/home/v2129375/dataset/tts_audio_diff_ref/audio_0364.wav,video
德阳市的天气怎么样？,/home/v2129375/dataset/tts_audio_diff_ref/audio_0365.wav,city
我想看跳舞的点播视频,/home/v2129375/dataset/tts_audio_diff_ref/audio_0366.wav,video
我想看出租车司机的视频,/home/v2129375/dataset/tts_audio_diff_ref/audio_0367.wav,video
我想听再循环的《再循环》,/home/v2129375/dataset/tts_audio_diff_ref/audio_0368.wav,music
怒江州的天气怎么样？,/home/v2129375/dataset/tts_audio_diff_ref/audio_0369.wav,city
深圳的天气怎么样？,/home/v2129375/dataset/tts_audio_diff_ref/audio_0370.wav,city
合肥今天的天气怎么样？,/home/v2129375/dataset/tts_audio_diff_ref/audio_0371.wav,city
我想看唐人街的点播视频,/home/v2129375/dataset/tts_audio_diff_ref/audio_0372.wav,video
我想看《欲望号街车》,/home/v2129375/dataset/tts_audio_diff_ref/audio_0373.wav,video
我想看电视剧猪小妹,/home/v2129375/dataset/tts_audio_diff_ref/audio_0374.wav,video
深圳的天气怎么样？,/home/v2129375/dataset/tts_audio_diff_ref/audio_0375.wav,city
我想点播电视剧《白雪公主》。,/home/v2129375/dataset/tts_audio_diff_ref/audio_0376.wav,video
深圳的天气怎么样？,/home/v2129375/dataset/tts_audio_diff_ref/audio_0377.wav,city
荆州今天的天气怎么样？,/home/v2129375/dataset/tts_audio_diff_ref/audio_0378.wav,city
阳泉的天气怎么样？,/home/v2129375/dataset/tts_audio_diff_ref/audio_0379.wav,city
我想点播夏飞云的音乐,/home/v2129375/dataset/tts_audio_diff_ref/audio_0380.wav,music
我想点播变形金刚四。,/home/v2129375/dataset/tts_audio_diff_ref/audio_0381.wav,video
我想点播雅咩咩的音乐,/home/v2129375/dataset/tts_audio_diff_ref/audio_0382.wav,music
徐州市的天气怎么样？,/home/v2129375/dataset/tts_audio_diff_ref/audio_0383.wav,city
贵港的天气如何？,/home/v2129375/dataset/tts_audio_diff_ref/audio_0384.wav,city
毕节的天气怎么样？,/home/v2129375/dataset/tts_audio_diff_ref/audio_0385.wav,city
深圳的天气怎么样？,/home/v2129375/dataset/tts_audio_diff_ref/audio_0386.wav,city
鹰潭的天气如何？,/home/v2129375/dataset/tts_audio_diff_ref/audio_0387.wav,city
我想点播蔡琴的音乐,/home/v2129375/dataset/tts_audio_diff_ref/audio_0388.wav,music
我想看电视剧百变天后,/home/v2129375/dataset/tts_audio_diff_ref/audio_0389.wav,video
甘南自治州的天气怎么样？,/home/v2129375/dataset/tts_audio_diff_ref/audio_0390.wav,city
秦皇岛的天气如何？,/home/v2129375/dataset/tts_audio_diff_ref/audio_0391.wav,city
我想看羊羊运动会的点播视频,/home/v2129375/dataset/tts_audio_diff_ref/audio_0392.wav,video
我想点播陈每文的音乐,/home/v2129375/dataset/tts_audio_diff_ref/audio_0393.wav,music
我想看电影《非诚勿扰》,/home/v2129375/dataset/tts_audio_diff_ref/audio_0394.wav,video
吉安市的天气怎么样？,/home/v2129375/dataset/tts_audio_diff_ref/audio_0395.wav,city
我想看电视剧二炮手,/home/v2129375/dataset/tts_audio_diff_ref/audio_0396.wav,video
盐城市的天气怎么样？,/home/v2129375/dataset/tts_audio_diff_ref/audio_0397.wav,city
我想点播电视剧佩奇小猪佩奇,/home/v2129375/dataset/tts_audio_diff_ref/audio_0398.wav,video
深圳的天气怎么样？,/home/v2129375/dataset/tts_audio_diff_ref/audio_0399.wav,city
我想点播张玮伽的音乐,/home/v2129375/dataset/tts_audio_diff_ref/audio_0400.wav,music
我想点播张可的《月光》,/home/v2129375/dataset/tts_audio_diff_ref/audio_0401.wav,music
深圳的天气怎么样？,/home/v2129375/dataset/tts_audio_diff_ref/audio_0402.wav,city
我想看康熙王朝的点播视频,/home/v2129375/dataset/tts_audio_diff_ref/audio_0403.wav,video
我想点播王菲的《只要爱》,/home/v2129375/dataset/tts_audio_diff_ref/audio_0404.wav,music
辽宁省辽源市的天气怎么样？,/home/v2129375/dataset/tts_audio_diff_ref/audio_0405.wav,city
我想点播胖大海的音乐,/home/v2129375/dataset/tts_audio_diff_ref/audio_0406.wav,music
郑州的天气怎么样？,/home/v2129375/dataset/tts_audio_diff_ref/audio_0407.wav,city
深圳的天气怎么样？,/home/v2129375/dataset/tts_audio_diff_ref/audio_0408.wav,city
我想听少女时代的音乐,/home/v2129375/dataset/tts_audio_diff_ref/audio_0409.wav,music
我想点播电视剧《守卫者浮出水面》。,/home/v2129375/dataset/tts_audio_diff_ref/audio_0410.wav,video
深圳的天气怎么样？,/home/v2129375/dataset/tts_audio_diff_ref/audio_0411.wav,city
伦敦的天气怎么样？,/home/v2129375/dataset/tts_audio_diff_ref/audio_0412.wav,city
深圳的天气怎么样？,/home/v2129375/dataset/tts_audio_diff_ref/audio_0413.wav,city
温州市今天的天气怎么样？,/home/v2129375/dataset/tts_audio_diff_ref/audio_0414.wav,city
奈良的天气怎么样？,/home/v2129375/dataset/tts_audio_diff_ref/audio_0415.wav,city
宝鸡的天气怎么样？,/home/v2129375/dataset/tts_audio_diff_ref/audio_0416.wav,city
深圳的天气怎么样？,/home/v2129375/dataset/tts_audio_diff_ref/audio_0417.wav,city
深圳的天气怎么样？,/home/v2129375/dataset/tts_audio_diff_ref/audio_0418.wav,city
我想看《搜索者》电视剧。,/home/v2129375/dataset/tts_audio_diff_ref/audio_0419.wav,video
我想看猜一猜谁来吃晚餐的点播视频,/home/v2129375/dataset/tts_audio_diff_ref/audio_0420.wav,video
鄂尔多斯市的天气怎么样？,/home/v2129375/dataset/tts_audio_diff_ref/audio_0421.wav,city
我想点播黄尊的《黄尊》,/home/v2129375/dataset/tts_audio_diff_ref/audio_0422.wav,music
深圳的天气怎么样？,/home/v2129375/dataset/tts_audio_diff_ref/audio_0423.wav,city
潍坊市的天气怎么样？,/home/v2129375/dataset/tts_audio_diff_ref/audio_0424.wav,city
我想点播任柏儒的音乐,/home/v2129375/dataset/tts_audio_diff_ref/audio_0425.wav,music
长沙市的天气怎么样？,/home/v2129375/dataset/tts_audio_diff_ref/audio_0426.wav,city
辽宁省的天气怎么样？,/home/v2129375/dataset/tts_audio_diff_ref/audio_0427.wav,city
凉山自治州的天气怎么样？,/home/v2129375/dataset/tts_audio_diff_ref/audio_0428.wav,city
深圳的天气怎么样？,/home/v2129375/dataset/tts_audio_diff_ref/audio_0429.wav,city
我想点播电视剧《锵锵三人行》。,/home/v2129375/dataset/tts_audio_diff_ref/audio_0430.wav,video
我想看西北偏北的点播视频,/home/v2129375/dataset/tts_audio_diff_ref/audio_0431.wav,video
郑州的天气怎么样？,/home/v2129375/dataset/tts_audio_diff_ref/audio_0432.wav,city
三沙市的天气怎么样？,/home/v2129375/dataset/tts_audio_diff_ref/audio_0433.wav,city
甘孜州的天气怎么样？,/home/v2129375/dataset/tts_audio_diff_ref/audio_0434.wav,city
我想点播周华健的《无言的爱》,/home/v2129375/dataset/tts_audio_diff_ref/audio_0435.wav,music
益阳市的天气怎么样？,/home/v2129375/dataset/tts_audio_diff_ref/audio_0436.wav,city
江门的天气怎么样？,/home/v2129375/dataset/tts_audio_diff_ref/audio_0437.wav,city
我想看电视剧恭喜发财,/home/v2129375/dataset/tts_audio_diff_ref/audio_0438.wav,video
呼伦贝尔市的天气怎么样？,/home/v2129375/dataset/tts_audio_diff_ref/audio_0439.wav,city
深圳的天气怎么样？,/home/v2129375/dataset/tts_audio_diff_ref/audio_0440.wav,city
六安市的天气怎么样？,/home/v2129375/dataset/tts_audio_diff_ref/audio_0441.wav,city
我想看三国演义的点播视频,/home/v2129375/dataset/tts_audio_diff_ref/audio_0442.wav,video
玉林的天气怎么样？,/home/v2129375/dataset/tts_audio_diff_ref/audio_0443.wav,city
我想点播电视剧《小螺号》。,/home/v2129375/dataset/tts_audio_diff_ref/audio_0444.wav,video
我想点播伦敦对决的点播视频,/home/v2129375/dataset/tts_audio_diff_ref/audio_0445.wav,video
我想点播边走边唱的视频,/home/v2129375/dataset/tts_audio_diff_ref/audio_0446.wav,video
我想点播吴日言的音乐,/home/v2129375/dataset/tts_audio_diff_ref/audio_0447.wav,music
我想点播超能陆战队,/home/v2129375/dataset/tts_audio_diff_ref/audio_0448.wav,video
乌海的天气如何？,/home/v2129375/dataset/tts_audio_diff_ref/audio_0449.wav,city
菏泽市的天气怎么样？,/home/v2129375/dataset/tts_audio_diff_ref/audio_0450.wav,city
海口今天的天气怎么样？,/home/v2129375/dataset/tts_audio_diff_ref/audio_0451.wav,city
我想点播《日落大道》,/home/v2129375/dataset/tts_audio_diff_ref/audio_0452.wav,video
我想点播梁博的《无言的爱》,/home/v2129375/dataset/tts_audio_diff_ref/audio_0453.wav,music
宜春市的天气怎么样？,/home/v2129375/dataset/tts_audio_diff_ref/audio_0454.wav,city
我想点播袁娅维的《我爱你》,/home/v2129375/dataset/tts_audio_diff_ref/audio_0455.wav,music
我想点播大为老师的音乐,/home/v2129375/dataset/tts_audio_diff_ref/audio_0456.wav,music
我想看神盾学院的剧集,/home/v2129375/dataset/tts_audio_diff_ref/audio_0457.wav,video
我想点播电视剧《春眠不觉晓》。,/home/v2129375/dataset/tts_audio_diff_ref/audio_0458.wav,video
渭南的天气怎么样？,/home/v2129375/dataset/tts_audio_diff_ref/audio_0459.wav,city
益阳的天气怎么样？,/home/v2129375/dataset/tts_audio_diff_ref/audio_0460.wav,city
我想点播李连杰的音乐,/home/v2129375/dataset/tts_audio_diff_ref/audio_0461.wav,music
珠海今天的天气怎么样？,/home/v2129375/dataset/tts_audio_diff_ref/audio_0462.wav,city
我想看点播视频叛舰喋血记,/home/v2129375/dataset/tts_audio_diff_ref/audio_0463.wav,video
我想点播屈菁菁的音乐,/home/v2129375/dataset/tts_audio_diff_ref/audio_0464.wav,music
我想看红海行动的点播视频,/home/v2129375/dataset/tts_audio_diff_ref/audio_0465.wav,video
芜湖市的天气怎么样？,/home/v2129375/dataset/tts_audio_diff_ref/audio_0466.wav,city
南充今天的天气怎么样？,/home/v2129375/dataset/tts_audio_diff_ref/audio_0467.wav,city
长春市的天气怎么样？,/home/v2129375/dataset/tts_audio_diff_ref/audio_0468.wav,city
张家口的天气怎么样？,/home/v2129375/dataset/tts_audio_diff_ref/audio_0469.wav,city
深圳的天气怎么样？,/home/v2129375/dataset/tts_audio_diff_ref/audio_0470.wav,city
我想看毕业生的点播视频,/home/v2129375/dataset/tts_audio_diff_ref/audio_0471.wav,video
伊春市的天气怎么样？,/home/v2129375/dataset/tts_audio_diff_ref/audio_0472.wav,city
延边朝鲜族自治州的天气怎么样？,/home/v2129375/dataset/tts_audio_diff_ref/audio_0473.wav,city
深圳的天气怎么样？,/home/v2129375/dataset/tts_audio_diff_ref/audio_0474.wav,city
长沙今天的天气怎么样？,/home/v2129375/dataset/tts_audio_diff_ref/audio_0475.wav,city
我想点播龙神道的音乐,/home/v2129375/dataset/tts_audio_diff_ref/audio_0476.wav,music
我想看电影父子返乡,/home/v2129375/dataset/tts_audio_diff_ref/audio_0477.wav,video
泰州的天气怎么样？,/home/v2129375/dataset/tts_audio_diff_ref/audio_0478.wav,city
我想点播小宝宝的电视剧,/home/v2129375/dataset/tts_audio_diff_ref/audio_0479.wav,video
我想点播樊竹青的音乐,/home/v2129375/dataset/tts_audio_diff_ref/audio_0480.wav,music
我想点播四月与盒子,/home/v2129375/dataset/tts_audio_diff_ref/audio_0481.wav,music
我想看儿歌视频,/home/v2129375/dataset/tts_audio_diff_ref/audio_0482.wav,video
我想点播好妹妹乐队的音乐。,/home/v2129375/dataset/tts_audio_diff_ref/audio_0483.wav,music
我想看辛特勒的名单的点播视频,/home/v2129375/dataset/tts_audio_diff_ref/audio_0484.wav,video
温哥华的天气怎么样？,/home/v2129375/dataset/tts_audio_diff_ref/audio_0485.wav,city
迪庆自治州的天气怎么样？,/home/v2129375/dataset/tts_audio_diff_ref/audio_0486.wav,city
吴忠市的天气怎么样？,/home/v2129375/dataset/tts_audio_diff_ref/audio_0487.wav,city
我想点播电视剧《菊花台》。,/home/v2129375/dataset/tts_audio_diff_ref/audio_0488.wav,video
我想看敢死队的点播视频,/home/v2129375/dataset/tts_audio_diff_ref/audio_0489.wav,video
我想点播阿牛的《无名之辈》,/home/v2129375/dataset/tts_audio_diff_ref/audio_0490.wav,music
我想看电影盲约,/home/v2129375/dataset/tts_audio_diff_ref/audio_0491.wav,video
湛江的天气怎么样？,/home/v2129375/dataset/tts_audio_diff_ref/audio_0492.wav,city
香港的天气怎么样？,/home/v2129375/dataset/tts_audio_diff_ref/audio_0493.wav,city
我想点播何航的音乐,/home/v2129375/dataset/tts_audio_diff_ref/audio_0494.wav,music
我想点播电视剧小老鼠上灯台,/home/v2129375/dataset/tts_audio_diff_ref/audio_0495.wav,video
我想看点播视频背叛的街角,/home/v2129375/dataset/tts_audio_diff_ref/audio_0496.wav,video
深圳的天气怎么样？,/home/v2129375/dataset/tts_audio_diff_ref/audio_0497.wav,city
我想点播贾盛强的音乐,/home/v2129375/dataset/tts_audio_diff_ref/audio_0498.wav,music
深圳的天气怎么样？,/home/v2129375/dataset/tts_audio_diff_ref/audio_0499.wav,city
我想点播王建房的音乐,/home/v2129375/dataset/tts_audio_diff_ref/audio_0500.wav,music
潮州市的天气怎么样？,/home/v2129375/dataset/tts_audio_diff_ref/audio_0501.wav,city
我想看点播视频《闪电约会》。,/home/v2129375/dataset/tts_audio_diff_ref/audio_0502.wav,video
我想看电视剧刷分圣手,/home/v2129375/dataset/tts_audio_diff_ref/audio_0503.wav,video
绥化的天气怎么样？,/home/v2129375/dataset/tts_audio_diff_ref/audio_0504.wav,city
我想点播数字歌,/home/v2129375/dataset/tts_audio_diff_ref/audio_0505.wav,video
克孜勒苏自治州的天气怎么样？,/home/v2129375/dataset/tts_audio_diff_ref/audio_0506.wav,city
黔南苗族自治州的天气怎么样？,/home/v2129375/dataset/tts_audio_diff_ref/audio_0507.wav,city
我想点播薛之谦的音乐,/home/v2129375/dataset/tts_audio_diff_ref/audio_0508.wav,music
徐州市的天气怎么样？,/home/v2129375/dataset/tts_audio_diff_ref/audio_0509.wav,city
我想看猪猪侠的点播视频,/home/v2129375/dataset/tts_audio_diff_ref/audio_0510.wav,video
沈阳的天气怎么样？,/home/v2129375/dataset/tts_audio_diff_ref/audio_0511.wav,city
我想看《巧虎来啦》的点播视频,/home/v2129375/dataset/tts_audio_diff_ref/audio_0512.wav,video
深圳的天气怎么样？,/home/v2129375/dataset/tts_audio_diff_ref/audio_0513.wav,city
临沧的天气怎么样？,/home/v2129375/dataset/tts_audio_diff_ref/audio_0514.wav,city
遵义市的天气怎么样？,/home/v2129375/dataset/tts_audio_diff_ref/audio_0515.wav,city
我想看电视剧乱世佳人,/home/v2129375/dataset/tts_audio_diff_ref/audio_0516.wav,video
临夏自治州的天气怎么样？,/home/v2129375/dataset/tts_audio_diff_ref/audio_0517.wav,city
西安市今天的天气怎么样？,/home/v2129375/dataset/tts_audio_diff_ref/audio_0518.wav,city
深圳的天气怎么样？,/home/v2129375/dataset/tts_audio_diff_ref/audio_0519.wav,city
阳江的天气怎么样？,/home/v2129375/dataset/tts_audio_diff_ref/audio_0520.wav,city
我想点播任贤齐的《我爱你》,/home/v2129375/dataset/tts_audio_diff_ref/audio_0521.wav,music
南阳市的天气怎么样？,/home/v2129375/dataset/tts_audio_diff_ref/audio_0522.wav,city
滨州市的天气怎么样？,/home/v2129375/dataset/tts_audio_diff_ref/audio_0523.wav,city
常德的天气如何？,/home/v2129375/dataset/tts_audio_diff_ref/audio_0524.wav,city
我想点播电视剧《三字经》。,/home/v2129375/dataset/tts_audio_diff_ref/audio_0525.wav,video
中卫市的天气怎么样？,/home/v2129375/dataset/tts_audio_diff_ref/audio_0526.wav,city
我想点播电视剧《三生三世十里桃花》。,/home/v2129375/dataset/tts_audio_diff_ref/audio_0527.wav,video
我想点播《超级小黑咪》,/home/v2129375/dataset/tts_audio_diff_ref/audio_0528.wav,video
我想看蒸气室的点播视频,/home/v2129375/dataset/tts_audio_diff_ref/audio_0529.wav,video
福州的天气怎么样？,/home/v2129375/dataset/tts_audio_diff_ref/audio_0530.wav,city
我想看洛奇电影,/home/v2129375/dataset/tts_audio_diff_ref/audio_0531.wav,video
黄冈今天的天气怎么样？,/home/v2129375/dataset/tts_audio_diff_ref/audio_0532.wav,city
荆州今天的天气怎么样？,/home/v2129375/dataset/tts_audio_diff_ref/audio_0533.wav,city
我想点播张晓谦的音乐,/home/v2129375/dataset/tts_audio_diff_ref/audio_0534.wav,music
乐山市的天气怎么样？,/home/v2129375/dataset/tts_audio_diff_ref/audio_0535.wav,city
朝阳市的天气怎么样？,/home/v2129375/dataset/tts_audio_diff_ref/audio_0536.wav,city
海西州的天气怎么样？,/home/v2129375/dataset/tts_audio_diff_ref/audio_0537.wav,city
深圳的天气怎么样？,/home/v2129375/dataset/tts_audio_diff_ref/audio_0538.wav,city
我想点播周璇的《青花瓷》,/home/v2129375/dataset/tts_audio_diff_ref/audio_0539.wav,music
莱芜市的天气怎么样？,/home/v2129375/dataset/tts_audio_diff_ref/audio_0540.wav,city
九江市的天气怎么样？,/home/v2129375/dataset/tts_audio_diff_ref/audio_0541.wav,city
深圳的天气怎么样？,/home/v2129375/dataset/tts_audio_diff_ref/audio_0542.wav,city
我想点播《采蘑菇的小姑娘》。,/home/v2129375/dataset/tts_audio_diff_ref/audio_0543.wav,video
威海的天气如何？,/home/v2129375/dataset/tts_audio_diff_ref/audio_0544.wav,city
我想点播马希尔的《无畏》,/home/v2129375/dataset/tts_audio_diff_ref/audio_0545.wav,music
我想点播万海东的音乐,/home/v2129375/dataset/tts_audio_diff_ref/audio_0546.wav,music
如果你想看点播视频，请告诉我你感兴趣的内容。,/home/v2129375/dataset/tts_audio_diff_ref/audio_0547.wav,video
黔西南自治州的天气怎么样？,/home/v2129375/dataset/tts_audio_diff_ref/audio_0548.wav,city
深圳的天气怎么样？,/home/v2129375/dataset/tts_audio_diff_ref/audio_0549.wav,city
新乡市的天气怎么样？,/home/v2129375/dataset/tts_audio_diff_ref/audio_0550.wav,city
宜春的天气如何？,/home/v2129375/dataset/tts_audio_diff_ref/audio_0551.wav,city
黔东南自治州的天气怎么样？,/home/v2129375/dataset/tts_audio_diff_ref/audio_0552.wav,city
我想点播《速度与激情五》,/home/v2129375/dataset/tts_audio_diff_ref/audio_0553.wav,video
我想点播早见沙织的音乐,/home/v2129375/dataset/tts_audio_diff_ref/audio_0554.wav,music
我想看粉红猪小妹全集,/home/v2129375/dataset/tts_audio_diff_ref/audio_0555.wav,video
淮北市的天气怎么样？,/home/v2129375/dataset/tts_audio_diff_ref/audio_0556.wav,city
我想看第三人称的电视剧,/home/v2129375/dataset/tts_audio_diff_ref/audio_0557.wav,video
台中市的天气怎么样？,/home/v2129375/dataset/tts_audio_diff_ref/audio_0558.wav,city
我想看变形金刚的点播视频,/home/v2129375/dataset/tts_audio_diff_ref/audio_0559.wav,video
我想点播卢海鹏的音乐,/home/v2129375/dataset/tts_audio_diff_ref/audio_0560.wav,music
我想看电影《熊出没之熊心归来》。,/home/v2129375/dataset/tts_audio_diff_ref/audio_0561.wav,video
博尔塔拉的天气怎么样？,/home/v2129375/dataset/tts_audio_diff_ref/audio_0562.wav,city
红河州的天气怎么样？,/home/v2129375/dataset/tts_audio_diff_ref/audio_0563.wav,city
深圳的天气怎么样？,/home/v2129375/dataset/tts_audio_diff_ref/audio_0564.wav,city
忻州的天气怎么样？,/home/v2129375/dataset/tts_audio_diff_ref/audio_0565.wav,city
天津市的天气怎么样？,/home/v2129375/dataset/tts_audio_diff_ref/audio_0566.wav,city
我想点播齐鲁铎的音乐,/home/v2129375/dataset/tts_audio_diff_ref/audio_0567.wav,music
玉林市的天气怎么样？,/home/v2129375/dataset/tts_audio_diff_ref/audio_0568.wav,city
深圳的天气怎么样？,/home/v2129375/dataset/tts_audio_diff_ref/audio_0569.wav,city
我想点播乔任梁的《无言的爱》,/home/v2129375/dataset/tts_audio_diff_ref/audio_0570.wav,music
自贡市的天气怎么样？,/home/v2129375/dataset/tts_audio_diff_ref/audio_0571.wav,city
我想看彭德怀的电影,/home/v2129375/dataset/tts_audio_diff_ref/audio_0572.wav,video
渭南市的天气怎么样？,/home/v2129375/dataset/tts_audio_diff_ref/audio_0573.wav,city
我想看电视剧《我爱你》。,/home/v2129375/dataset/tts_audio_diff_ref/audio_0574.wav,video
深圳的天气怎么样？,/home/v2129375/dataset/tts_audio_diff_ref/audio_0575.wav,city
黔西南苗族自治州的天气怎么样？,/home/v2129375/dataset/tts_audio_diff_ref/audio_0576.wav,city
我想看阳光普照的点播视频,/home/v2129375/dataset/tts_audio_diff_ref/audio_0577.wav,video
巴音郭楞自治州的天气怎么样？,/home/v2129375/dataset/tts_audio_diff_ref/audio_0578.wav,city
深圳的天气怎么样？,/home/v2129375/dataset/tts_audio_diff_ref/audio_0579.wav,city
我想点播托马斯火车。,/home/v2129375/dataset/tts_audio_diff_ref/audio_0580.wav,video
我想点播莫露露的《月光》,/home/v2129375/dataset/tts_audio_diff_ref/audio_0581.wav,music
龙岩的天气怎么样？,/home/v2129375/dataset/tts_audio_diff_ref/audio_0582.wav,city
清远天气怎么样？,/home/v2129375/dataset/tts_audio_diff_ref/audio_0583.wav,city
我想点播波尔加德堡的剧集,/home/v2129375/dataset/tts_audio_diff_ref/audio_0584.wav,video
我想听莫文蔚的《无言的爱》,/home/v2129375/dataset/tts_audio_diff_ref/audio_0585.wav,music
我想看哈利波特的点播视频,/home/v2129375/dataset/tts_audio_diff_ref/audio_0586.wav,video
德宏州的天气怎么样？,/home/v2129375/dataset/tts_audio_diff_ref/audio_0587.wav,city
泰安市的天气怎么样？,/home/v2129375/dataset/tts_audio_diff_ref/audio_0588.wav,city
深圳的天气怎么样？,/home/v2129375/dataset/tts_audio_diff_ref/audio_0589.wav,city
我想点播电视剧《天亮叫我》。,/home/v2129375/dataset/tts_audio_diff_ref/audio_0590.wav,video
湛江市的天气如何？,/home/v2129375/dataset/tts_audio_diff_ref/audio_0591.wav,city
我想看电视剧大头儿子小头爸爸,/home/v2129375/dataset/tts_audio_diff_ref/audio_0592.wav,video
我想点播乐高未来骑士团,/home/v2129375/dataset/tts_audio_diff_ref/audio_0593.wav,video
西安的天气如何？,/home/v2129375/dataset/tts_audio_diff_ref/audio_0594.wav,city
包头的天气怎么样？,/home/v2129375/dataset/tts_audio_diff_ref/audio_0595.wav,city
我想点播电视剧《公民凯恩》。,/home/v2129375/dataset/tts_audio_diff_ref/audio_0596.wav,video
我想点播电视剧《夜市人生》。,/home/v2129375/dataset/tts_audio_diff_ref/audio_0597.wav,video
我想看宝贝儿的点播视频,/home/v2129375/dataset/tts_audio_diff_ref/audio_0598.wav,video
我想点播杨秀惠的《无言的爱》,/home/v2129375/dataset/tts_audio_diff_ref/audio_0599.wav,music
我想看《证据搜查线》,/home/v2129375/dataset/tts_audio_diff_ref/audio_0600.wav,video
大兴安岭地区的天气怎么样？,/home/v2129375/dataset/tts_audio_diff_ref/audio_0601.wav,city
我想看点播视频过往的力量,/home/v2129375/dataset/tts_audio_diff_ref/audio_0602.wav,video
深圳的天气怎么样？,/home/v2129375/dataset/tts_audio_diff_ref/audio_0603.wav,city
我想点播宝石岭的电视剧,/home/v2129375/dataset/tts_audio_diff_ref/audio_0604.wav,video
防城港市的天气怎么样？,/home/v2129375/dataset/tts_audio_diff_ref/audio_0605.wav,city
襄阳今天的天气怎么样？,/home/v2129375/dataset/tts_audio_diff_ref/audio_0606.wav,city
深圳的天气怎么样？,/home/v2129375/dataset/tts_audio_diff_ref/audio_0607.wav,city
宁德市的天气怎么样？,/home/v2129375/dataset/tts_audio_diff_ref/audio_0608.wav,city
大连市的天气怎么样？,/home/v2129375/dataset/tts_audio_diff_ref/audio_0609.wav,city
我想点播电视剧《我们荡起双桨》。,/home/v2129375/dataset/tts_audio_diff_ref/audio_0610.wav,video
我想点播电视剧《祖脉天水》。,/home/v2129375/dataset/tts_audio_diff_ref/audio_0611.wav,video
上海市的天气怎么样？,/home/v2129375/dataset/tts_audio_diff_ref/audio_0612.wav,city
我想看电视剧世上只有妈妈好,/home/v2129375/dataset/tts_audio_diff_ref/audio_0613.wav,video
深圳的天气怎么样？,/home/v2129375/dataset/tts_audio_diff_ref/audio_0614.wav,city
阿勒泰地区的天气怎么样？,/home/v2129375/dataset/tts_audio_diff_ref/audio_0615.wav,city
我想看妖怪名单的点播视频,/home/v2129375/dataset/tts_audio_diff_ref/audio_0616.wav,video
我想看《淘金记》,/home/v2129375/dataset/tts_audio_diff_ref/audio_0617.wav,video
深圳的天气怎么样？,/home/v2129375/dataset/tts_audio_diff_ref/audio_0618.wav,city
我想看电视台风云的点播视频,/home/v2129375/dataset/tts_audio_diff_ref/audio_0619.wav,video
我想点播小野贤章的音乐,/home/v2129375/dataset/tts_audio_diff_ref/audio_0620.wav,music
黔东南侗族自治州的天气怎么样？,/home/v2129375/dataset/tts_audio_diff_ref/audio_0621.wav,city
我想点播加勒比海盗五。,/home/v2129375/dataset/tts_audio_diff_ref/audio_0622.wav,video
福州的天气怎么样？,/home/v2129375/dataset/tts_audio_diff_ref/audio_0623.wav,city
我想看《忠犬大营救》,/home/v2129375/dataset/tts_audio_diff_ref/audio_0624.wav,video
我想看城市猎人。,/home/v2129375/dataset/tts_audio_diff_ref/audio_0625.wav,video
昆明市的天气怎么样？,/home/v2129375/dataset/tts_audio_diff_ref/audio_0626.wav,city
海南天气如何？,/home/v2129375/dataset/tts_audio_diff_ref/audio_0627.wav,city
我想点播熊妹妹的音乐,/home/v2129375/dataset/tts_audio_diff_ref/audio_0628.wav,music
我想点播舞曲大帝国的音乐,/home/v2129375/dataset/tts_audio_diff_ref/audio_0629.wav,music
我想看百家讲坛的点播视频,/home/v2129375/dataset/tts_audio_diff_ref/audio_0630.wav,video
我想看点播视频《正午》。,/home/v2129375/dataset/tts_audio_diff_ref/audio_0631.wav,video
江门的天气怎么样？,/home/v2129375/dataset/tts_audio_diff_ref/audio_0632.wav,city
大理白族自治州的天气怎么样？,/home/v2129375/dataset/tts_audio_diff_ref/audio_0633.wav,city
喀什地区的天气怎么样？,/home/v2129375/dataset/tts_audio_diff_ref/audio_0634.wav,city
湘西的天气如何？,/home/v2129375/dataset/tts_audio_diff_ref/audio_0635.wav,city
邯郸的天气怎么样？,/home/v2129375/dataset/tts_audio_diff_ref/audio_0636.wav,city
我想看迷你特工队的点播视频,/home/v2129375/dataset/tts_audio_diff_ref/audio_0637.wav,video
曲靖的天气怎么样？,/home/v2129375/dataset/tts_audio_diff_ref/audio_0638.wav,city
恩施州的天气怎么样？,/home/v2129375/dataset/tts_audio_diff_ref/audio_0639.wav,city
我想看电视剧甜蜜的力量,/home/v2129375/dataset/tts_audio_diff_ref/audio_0640.wav,video
我想点播千曲千寻的音乐,/home/v2129375/dataset/tts_audio_diff_ref/audio_0641.wav,music
我想点播逃跑计划的音乐,/home/v2129375/dataset/tts_audio_diff_ref/audio_0642.wav,music
我想看电视剧巴塔木,/home/v2129375/dataset/tts_audio_diff_ref/audio_0643.wav,video
我想点播谢霆锋的音乐,/home/v2129375/dataset/tts_audio_diff_ref/audio_0644.wav,music
我想看地道战的点播视频,/home/v2129375/dataset/tts_audio_diff_ref/audio_0645.wav,video
襄樊的天气怎么样？,/home/v2129375/dataset/tts_audio_diff_ref/audio_0646.wav,city
宜昌的天气怎么样？,/home/v2129375/dataset/tts_audio_diff_ref/audio_0647.wav,city
我想点播斗地主的电视剧,/home/v2129375/dataset/tts_audio_diff_ref/audio_0648.wav,video
我想点播毛不易,/home/v2129375/dataset/tts_audio_diff_ref/audio_0649.wav,music
我想看老农民的点播视频,/home/v2129375/dataset/tts_audio_diff_ref/audio_0650.wav,video
开封市的天气怎么样？,/home/v2129375/dataset/tts_audio_diff_ref/audio_0651.wav,city
我想看电视剧灵魂摆渡,/home/v2129375/dataset/tts_audio_diff_ref/audio_0652.wav,video
我想看贝瓦儿歌的点播视频,/home/v2129375/dataset/tts_audio_diff_ref/audio_0653.wav,video
合肥市的天气怎么样？,/home/v2129375/dataset/tts_audio_diff_ref/audio_0654.wav,city
我想点播高迪的《Barcelona》,/home/v2129375/dataset/tts_audio_diff_ref/audio_0655.wav,music
宜宾市的天气怎么样？,/home/v2129375/dataset/tts_audio_diff_ref/audio_0656.wav,city
我想点播电视剧《一生一世》。,/home/v2129375/dataset/tts_audio_diff_ref/audio_0657.wav,video
我想点播胡夏的《我不怕黑夜》,/home/v2129375/dataset/tts_audio_diff_ref/audio_0658.wav,music
我想听张国荣的《悲情城市》,/home/v2129375/dataset/tts_audio_diff_ref/audio_0659.wav,music
台北市的天气如何？,/home/v2129375/dataset/tts_audio_diff_ref/audio_0660.wav,city
我想点播电视剧后窗,/home/v2129375/dataset/tts_audio_diff_ref/audio_0661.wav,video
我想点播苏思蓉的音乐,/home/v2129375/dataset/tts_audio_diff_ref/audio_0662.wav,music
上海市的天气怎么样？,/home/v2129375/dataset/tts_audio_diff_ref/audio_0663.wav,city
我想点播马旭东的音乐,/home/v2129375/dataset/tts_audio_diff_ref/audio_0664.wav,music
我想点播妮妮猫儿歌上学的音乐视频,/home/v2129375/dataset/tts_audio_diff_ref/audio_0665.wav,video
永州市的天气怎么样？,/home/v2129375/dataset/tts_audio_diff_ref/audio_0666.wav,city
深圳的天气怎么样？,/home/v2129375/dataset/tts_audio_diff_ref/audio_0667.wav,city
西宁市的天气怎么样？,/home/v2129375/dataset/tts_audio_diff_ref/audio_0668.wav,city
我想看上海滩的点播视频,/home/v2129375/dataset/tts_audio_diff_ref/audio_0669.wav,video
临汾市的天气怎么样？,/home/v2129375/dataset/tts_audio_diff_ref/audio_0670.wav,city
宿迁市的天气怎么样？,/home/v2129375/dataset/tts_audio_diff_ref/audio_0671.wav,city
齐齐哈尔天气如何？,/home/v2129375/dataset/tts_audio_diff_ref/audio_0672.wav,city
我想看电视剧《一个人的武林》。,/home/v2129375/dataset/tts_audio_diff_ref/audio_0673.wav,video
兴义市的天气怎么样？,/home/v2129375/dataset/tts_audio_diff_ref/audio_0674.wav,city
我想点播李恩雅的音乐,/home/v2129375/dataset/tts_audio_diff_ref/audio_0675.wav,music
我想点播流浪地球,/home/v2129375/dataset/tts_audio_diff_ref/audio_0676.wav,video
朔州市的天气怎么样？,/home/v2129375/dataset/tts_audio_diff_ref/audio_0677.wav,city
楚雄自治州的天气怎么样？,/home/v2129375/dataset/tts_audio_diff_ref/audio_0678.wav,city
我想看点播视频《溜溜夜校生》。,/home/v2129375/dataset/tts_audio_diff_ref/audio_0679.wav,video
清远天气怎么样？,/home/v2129375/dataset/tts_audio_diff_ref/audio_0680.wav,city
我想点播林芯仪的《无言的爱》,/home/v2129375/dataset/tts_audio_diff_ref/audio_0681.wav,music
怒江傈僳族自治州的天气怎么样？,/home/v2129375/dataset/tts_audio_diff_ref/audio_0682.wav,city
广元的天气怎么样？,/home/v2129375/dataset/tts_audio_diff_ref/audio_0683.wav,city
我想点播杜鹤的《无言的爱》,/home/v2129375/dataset/tts_audio_diff_ref/audio_0684.wav,music
我想点播电视剧苏菲亚小公主,/home/v2129375/dataset/tts_audio_diff_ref/audio_0685.wav,video
聊城今天的天气怎么样？,/home/v2129375/dataset/tts_audio_diff_ref/audio_0686.wav,city
我想点播赵鹏的音乐,/home/v2129375/dataset/tts_audio_diff_ref/audio_0687.wav,music
我想点播电视剧绝地生机,/home/v2129375/dataset/tts_audio_diff_ref/audio_0688.wav,video
我想点播电视剧未来背后,/home/v2129375/dataset/tts_audio_diff_ref/audio_0689.wav,video
忻州市的天气怎么样？,/home/v2129375/dataset/tts_audio_diff_ref/audio_0690.wav,city
淮安的天气怎么样？,/home/v2129375/dataset/tts_audio_diff_ref/audio_0691.wav,city
我想看电视剧心跳,/home/v2129375/dataset/tts_audio_diff_ref/audio_0692.wav,video
深圳的天气怎么样？,/home/v2129375/dataset/tts_audio_diff_ref/audio_0693.wav,city
我想点播吴奇隆的音乐,/home/v2129375/dataset/tts_audio_diff_ref/audio_0694.wav,music
巴中市的天气怎么样？,/home/v2129375/dataset/tts_audio_diff_ref/audio_0695.wav,city
泸州市的天气怎么样？,/home/v2129375/dataset/tts_audio_diff_ref/audio_0696.wav,city
深圳的天气怎么样？,/home/v2129375/dataset/tts_audio_diff_ref/audio_0697.wav,city
我想点播刘柏言的音乐,/home/v2129375/dataset/tts_audio_diff_ref/audio_0698.wav,music
乌海市的天气怎么样？,/home/v2129375/dataset/tts_audio_diff_ref/audio_0699.wav,city
鹤岗的天气怎么样？,/home/v2129375/dataset/tts_audio_diff_ref/audio_0700.wav,city
我想听东森幼幼主持人的音乐,/home/v2129375/dataset/tts_audio_diff_ref/audio_0701.wav,music
我想点播猪猪侠的音乐,/home/v2129375/dataset/tts_audio_diff_ref/audio_0702.wav,music
我想看狄仁杰的点播视频,/home/v2129375/dataset/tts_audio_diff_ref/audio_0703.wav,video
我想看电视剧数鸭歌,/home/v2129375/dataset/tts_audio_diff_ref/audio_0704.wav,video
我想点播阿兰的《无言的爱》,/home/v2129375/dataset/tts_audio_diff_ref/audio_0705.wav,music
我想点播陈磊的音乐,/home/v2129375/dataset/tts_audio_diff_ref/audio_0706.wav,music
哈尔滨的天气怎么样？,/home/v2129375/dataset/tts_audio_diff_ref/audio_0707.wav,city
达州的天气怎么样？,/home/v2129375/dataset/tts_audio_diff_ref/audio_0708.wav,city
我想点播电视剧真假公主,/home/v2129375/dataset/tts_audio_diff_ref/audio_0709.wav,video
我想点播张杰的歌曲,/home/v2129375/dataset/tts_audio_diff_ref/audio_0710.wav,music
我想看长城的点播视频,/home/v2129375/dataset/tts_audio_diff_ref/audio_0711.wav,video
厦门今天的天气怎么样？,/home/v2129375/dataset/tts_audio_diff_ref/audio_0712.wav,city
我想点播高安云菲菲的音乐,/home/v2129375/dataset/tts_audio_diff_ref/audio_0713.wav,music
我想点播周震南的音乐,/home/v2129375/dataset/tts_audio_diff_ref/audio_0714.wav,music
深圳的天气怎么样？,/home/v2129375/dataset/tts_audio_diff_ref/audio_0715.wav,city
呼伦贝尔的天气怎么样？,/home/v2129375/dataset/tts_audio_diff_ref/audio_0716.wav,city
我想点播电视剧少年湃,/home/v2129375/dataset/tts_audio_diff_ref/audio_0717.wav,video
我想点播电视剧亮剑,/home/v2129375/dataset/tts_audio_diff_ref/audio_0718.wav,video
我想点播温岚的音乐。,/home/v2129375/dataset/tts_audio_diff_ref/audio_0719.wav,music
我想听赵雷的《雷》,/home/v2129375/dataset/tts_audio_diff_ref/audio_0720.wav,music
深圳的天气怎么样？,/home/v2129375/dataset/tts_audio_diff_ref/audio_0721.wav,city
我想点播黄子龙的音乐,/home/v2129375/dataset/tts_audio_diff_ref/audio_0722.wav,music
我想看小龙人。,/home/v2129375/dataset/tts_audio_diff_ref/audio_0723.wav,video
泰安的天气怎么样？,/home/v2129375/dataset/tts_audio_diff_ref/audio_0724.wav,city
我想看点播视频汪汪队,/home/v2129375/dataset/tts_audio_diff_ref/audio_0725.wav,video
我想点播范晓萱的《我爱你》,/home/v2129375/dataset/tts_audio_diff_ref/audio_0726.wav,music
我想点播林道华的音乐,/home/v2129375/dataset/tts_audio_diff_ref/audio_0727.wav,music
广州市的天气怎么样？,/home/v2129375/dataset/tts_audio_diff_ref/audio_0728.wav,city
我想点播晓花的《无言的爱》,/home/v2129375/dataset/tts_audio_diff_ref/audio_0729.wav,music
石家庄的天气怎么样？,/home/v2129375/dataset/tts_audio_diff_ref/audio_0730.wav,city
安庆今天的天气怎么样？,/home/v2129375/dataset/tts_audio_diff_ref/audio_0731.wav,city
盐城的天气怎么样？,/home/v2129375/dataset/tts_audio_diff_ref/audio_0732.wav,city
我想点播蔡依林的歌曲,/home/v2129375/dataset/tts_audio_diff_ref/audio_0733.wav,music
我想点播金智贤的音乐,/home/v2129375/dataset/tts_audio_diff_ref/audio_0734.wav,music
滁州的天气怎么样？,/home/v2129375/dataset/tts_audio_diff_ref/audio_0735.wav,city
湘西州的天气怎么样？,/home/v2129375/dataset/tts_audio_diff_ref/audio_0736.wav,city
那曲地区的天气怎么样？,/home/v2129375/dataset/tts_audio_diff_ref/audio_0737.wav,city
我想点播牛奶咖啡梁晓雪的音乐,/home/v2129375/dataset/tts_audio_diff_ref/audio_0738.wav,music
我想看电视剧那年花开月正圆,/home/v2129375/dataset/tts_audio_diff_ref/audio_0739.wav,video
深圳的天气怎么样？,/home/v2129375/dataset/tts_audio_diff_ref/audio_0740.wav,city
深圳的天气怎么样？,/home/v2129375/dataset/tts_audio_diff_ref/audio_0741.wav,city
肇庆的天气怎么样？,/home/v2129375/dataset/tts_audio_diff_ref/audio_0742.wav,city
我想点播电视剧《地牢少女》。,/home/v2129375/dataset/tts_audio_diff_ref/audio_0743.wav,video
我想看费城故事的点播视频,/home/v2129375/dataset/tts_audio_diff_ref/audio_0744.wav,video
钦州市的天气怎么样？,/home/v2129375/dataset/tts_audio_diff_ref/audio_0745.wav,city
我想看海尔兄弟的电影,/home/v2129375/dataset/tts_audio_diff_ref/audio_0746.wav,video
天津今天的天气怎么样？,/home/v2129375/dataset/tts_audio_diff_ref/audio_0747.wav,city
深圳的天气怎么样？,/home/v2129375/dataset/tts_audio_diff_ref/audio_0748.wav,city
我想看《捉妖记》,/home/v2129375/dataset/tts_audio_diff_ref/audio_0749.wav,video
镇江市今天的天气怎么样？,/home/v2129375/dataset/tts_audio_diff_ref/audio_0750.wav,city
我想点播刘迪的《无言的爱》,/home/v2129375/dataset/tts_audio_diff_ref/audio_0751.wav,music
深圳的天气怎么样？,/home/v2129375/dataset/tts_audio_diff_ref/audio_0752.wav,city
漯河市的天气怎么样？,/home/v2129375/dataset/tts_audio_diff_ref/audio_0753.wav,city
襄阳今天的天气怎么样？,/home/v2129375/dataset/tts_audio_diff_ref/audio_0754.wav,city
我想点播郑展伦的音乐,/home/v2129375/dataset/tts_audio_diff_ref/audio_0755.wav,music
我想点播电视剧《红日》。,/home/v2129375/dataset/tts_audio_diff_ref/audio_0756.wav,video
无锡的天气怎么样？,/home/v2129375/dataset/tts_audio_diff_ref/audio_0757.wav,city
北京今天的天气怎么样？,/home/v2129375/dataset/tts_audio_diff_ref/audio_0758.wav,city
五家渠市的天气怎么样？,/home/v2129375/dataset/tts_audio_diff_ref/audio_0759.wav,city
泸州的天气怎么样？,/home/v2129375/dataset/tts_audio_diff_ref/audio_0760.wav,city
我想听徐仁国的音乐,/home/v2129375/dataset/tts_audio_diff_ref/audio_0761.wav,music
我想点播雷军的音乐,/home/v2129375/dataset/tts_audio_diff_ref/audio_0762.wav,music
我想看电视剧杀无赦,/home/v2129375/dataset/tts_audio_diff_ref/audio_0763.wav,video
我想看电视剧热雪,/home/v2129375/dataset/tts_audio_diff_ref/audio_0764.wav,video
凉山州的天气怎么样？,/home/v2129375/dataset/tts_audio_diff_ref/audio_0765.wav,city
新北市的天气怎么样？,/home/v2129375/dataset/tts_audio_diff_ref/audio_0766.wav,city
我想看《沙家浜》电视剧,/home/v2129375/dataset/tts_audio_diff_ref/audio_0767.wav,video
我想看电视剧钱塘老娘舅,/home/v2129375/dataset/tts_audio_diff_ref/audio_0768.wav,video
襄阳市的天气怎么样？,/home/v2129375/dataset/tts_audio_diff_ref/audio_0769.wav,city
我想听陈慧娴的《无言的爱》,/home/v2129375/dataset/tts_audio_diff_ref/audio_0770.wav,music
我想点播蔡健雅的音乐,/home/v2129375/dataset/tts_audio_diff_ref/audio_0771.wav,music
台南市的天气怎么样？,/home/v2129375/dataset/tts_audio_diff_ref/audio_0772.wav,city
我想点播刘果林的音乐,/home/v2129375/dataset/tts_audio_diff_ref/audio_0773.wav,music
六盘水的天气怎么样？,/home/v2129375/dataset/tts_audio_diff_ref/audio_0774.wav,city
我想点播小蓓蕾的音乐,/home/v2129375/dataset/tts_audio_diff_ref/audio_0775.wav,music
深圳的天气怎么样？,/home/v2129375/dataset/tts_audio_diff_ref/audio_0776.wav,city
金昌市的天气怎么样？,/home/v2129375/dataset/tts_audio_diff_ref/audio_0777.wav,city
阿坝州的天气怎么样？,/home/v2129375/dataset/tts_audio_diff_ref/audio_0778.wav,city
鹤壁市的天气怎么样？,/home/v2129375/dataset/tts_audio_diff_ref/audio_0779.wav,city
岳阳市的天气怎么样？,/home/v2129375/dataset/tts_audio_diff_ref/audio_0780.wav,city
渭源的天气怎么样？,/home/v2129375/dataset/tts_audio_diff_ref/audio_0781.wav,city
九江的天气怎么样？,/home/v2129375/dataset/tts_audio_diff_ref/audio_0782.wav,city
我想看电视剧窈窕淑女,/home/v2129375/dataset/tts_audio_diff_ref/audio_0783.wav,video
我想点播饶海林的音乐,/home/v2129375/dataset/tts_audio_diff_ref/audio_0784.wav,music
我想点播五月天的《心之所向》,/home/v2129375/dataset/tts_audio_diff_ref/audio_0785.wav,music
我想看电视剧无言无语,/home/v2129375/dataset/tts_audio_diff_ref/audio_0786.wav,video
我想点播电视剧大秦帝国,/home/v2129375/dataset/tts_audio_diff_ref/audio_0787.wav,video
上海今天的天气怎么样？,/home/v2129375/dataset/tts_audio_diff_ref/audio_0788.wav,city
嘉兴市的天气怎么样？,/home/v2129375/dataset/tts_audio_diff_ref/audio_0789.wav,city
果洛藏族自治州的天气怎么样？,/home/v2129375/dataset/tts_audio_diff_ref/audio_0790.wav,city
甘孜自治州的天气怎么样？,/home/v2129375/dataset/tts_audio_diff_ref/audio_0791.wav,city
我想点播电视剧《小白兔白又白》。,/home/v2129375/dataset/tts_audio_diff_ref/audio_0792.wav,video
我想点播崔健的《崔健》,/home/v2129375/dataset/tts_audio_diff_ref/audio_0793.wav,music
福州市的天气怎么样？,/home/v2129375/dataset/tts_audio_diff_ref/audio_0794.wav,city
深圳的天气怎么样？,/home/v2129375/dataset/tts_audio_diff_ref/audio_0795.wav,city
我想点播电视剧《马耳他之鹰》。,/home/v2129375/dataset/tts_audio_diff_ref/audio_0796.wav,video
我想看哥斯拉的电影,/home/v2129375/dataset/tts_audio_diff_ref/audio_0797.wav,video
我想看蓝精灵的点播视频,/home/v2129375/dataset/tts_audio_diff_ref/audio_0798.wav,video
我想点播仓持明日香的音乐,/home/v2129375/dataset/tts_audio_diff_ref/audio_0799.wav,music
我想点播晏雨冰的音乐,/home/v2129375/dataset/tts_audio_diff_ref/audio_0800.wav,music
我想看电影男儿当自强,/home/v2129375/dataset/tts_audio_diff_ref/audio_0801.wav,video
邯郸市的天气怎么样？,/home/v2129375/dataset/tts_audio_diff_ref/audio_0802.wav,city
我想看电视剧妈妈向前冲冲冲,/home/v2129375/dataset/tts_audio_diff_ref/audio_0803.wav,video
临夏回族自治州的天气怎么样？,/home/v2129375/dataset/tts_audio_diff_ref/audio_0804.wav,city
黔南州的天气怎么样？,/home/v2129375/dataset/tts_audio_diff_ref/audio_0805.wav,city
我想看电影《无人之境》。,/home/v2129375/dataset/tts_audio_diff_ref/audio_0806.wav,video
我想点播电视剧《春日对对碰》。,/home/v2129375/dataset/tts_audio_diff_ref/audio_0807.wav,video
遵义市的天气怎么样？,/home/v2129375/dataset/tts_audio_diff_ref/audio_0808.wav,city
嘉峪关的天气怎么样？,/home/v2129375/dataset/tts_audio_diff_ref/audio_0809.wav,city
贵阳的天气如何？,/home/v2129375/dataset/tts_audio_diff_ref/audio_0810.wav,city
常州的天气怎么样？,/home/v2129375/dataset/tts_audio_diff_ref/audio_0811.wav,city
我想点播鹿晗的音乐,/home/v2129375/dataset/tts_audio_diff_ref/audio_0812.wav,music
宜昌市的天气怎么样？,/home/v2129375/dataset/tts_audio_diff_ref/audio_0813.wav,city
我想点播和田薫的音乐,/home/v2129375/dataset/tts_audio_diff_ref/audio_0814.wav,music
我想看电视剧数鸭子,/home/v2129375/dataset/tts_audio_diff_ref/audio_0815.wav,video
我想点播林妙可的音乐,/home/v2129375/dataset/tts_audio_diff_ref/audio_0816.wav,music
我想点播任妙音的音乐,/home/v2129375/dataset/tts_audio_diff_ref/audio_0817.wav,music
海西自治州的天气怎么样？,/home/v2129375/dataset/tts_audio_diff_ref/audio_0818.wav,city
我想点播唐古的《无言的爱》,/home/v2129375/dataset/tts_audio_diff_ref/audio_0819.wav,music
兰州的天气如何？,/home/v2129375/dataset/tts_audio_diff_ref/audio_0820.wav,city
芜湖的天气怎么样？,/home/v2129375/dataset/tts_audio_diff_ref/audio_0821.wav,city
我想看点播视频《野花》。,/home/v2129375/dataset/tts_audio_diff_ref/audio_0822.wav,video
信阳市的天气怎么样？,/home/v2129375/dataset/tts_audio_diff_ref/audio_0823.wav,city
我想点播《战狼2》。,/home/v2129375/dataset/tts_audio_diff_ref/audio_0824.wav,video
澳门的天气怎么样？,/home/v2129375/dataset/tts_audio_diff_ref/audio_0825.wav,city
我想点播《星球大战》,/home/v2129375/dataset/tts_audio_diff_ref/audio_0826.wav,video
我想看高能医少的点播视频,/home/v2129375/dataset/tts_audio_diff_ref/audio_0827.wav,video
我想点播苏挽颜墨雪的音乐,/home/v2129375/dataset/tts_audio_diff_ref/audio_0828.wav,music
我想点播小马过河。,/home/v2129375/dataset/tts_audio_diff_ref/audio_0829.wav,video
我想点播方大同的《我爱你》,/home/v2129375/dataset/tts_audio_diff_ref/audio_0830.wav,music
绵阳的天气怎么样？,/home/v2129375/dataset/tts_audio_diff_ref/audio_0831.wav,city
我想看电视剧臭屁虫,/home/v2129375/dataset/tts_audio_diff_ref/audio_0832.wav,video
遂宁的天气怎么样？,/home/v2129375/dataset/tts_audio_diff_ref/audio_0833.wav,city
我想看电视剧兽医杜立德,/home/v2129375/dataset/tts_audio_diff_ref/audio_0834.wav,video
我想看电影《飞翔的牧师》。,/home/v2129375/dataset/tts_audio_diff_ref/audio_0835.wav,video
我想看第三类接触的点播视频,/home/v2129375/dataset/tts_audio_diff_ref/audio_0836.wav,video
我想点播电视剧《发条橙》。,/home/v2129375/dataset/tts_audio_diff_ref/audio_0837.wav,video
我想点播鹏泊的音乐,/home/v2129375/dataset/tts_audio_diff_ref/audio_0838.wav,music
崇左的天气怎么样？,/home/v2129375/dataset/tts_audio_diff_ref/audio_0839.wav,city
我想点播苏打绿的音乐,/home/v2129375/dataset/tts_audio_diff_ref/audio_0840.wav,music
我想点播胡静的《我爱你》,/home/v2129375/dataset/tts_audio_diff_ref/audio_0841.wav,music
我想点播陈粒的《无忧无虑》,/home/v2129375/dataset/tts_audio_diff_ref/audio_0842.wav,music
安康市的天气怎么样？,/home/v2129375/dataset/tts_audio_diff_ref/audio_0843.wav,city
三明的天气怎么样？,/home/v2129375/dataset/tts_audio_diff_ref/audio_0844.wav,city
我想点播小五的《小五》,/home/v2129375/dataset/tts_audio_diff_ref/audio_0845.wav,music
抚州的天气怎么样？,/home/v2129375/dataset/tts_audio_diff_ref/audio_0846.wav,city
黔西南布依族自治州的天气怎么样？,/home/v2129375/dataset/tts_audio_diff_ref/audio_0847.wav,city
我想看点播视频《猪的报复》。,/home/v2129375/dataset/tts_audio_diff_ref/audio_0848.wav,video
定西市的天气怎么样？,/home/v2129375/dataset/tts_audio_diff_ref/audio_0849.wav,city
深圳的天气如何？,/home/v2129375/dataset/tts_audio_diff_ref/audio_0850.wav,city
我想看爵士歌手的音乐视频,/home/v2129375/dataset/tts_audio_diff_ref/audio_0851.wav,video
我想点播电视剧情海生死恋,/home/v2129375/dataset/tts_audio_diff_ref/audio_0852.wav,video
我想点播莫扎特的交响曲,/home/v2129375/dataset/tts_audio_diff_ref/audio_0853.wav,video
宜宾的天气怎么样？,/home/v2129375/dataset/tts_audio_diff_ref/audio_0854.wav,city
晋城的天气怎么样？,/home/v2129375/dataset/tts_audio_diff_ref/audio_0855.wav,city
阳泉市的天气怎么样？,/home/v2129375/dataset/tts_audio_diff_ref/audio_0856.wav,city
我想看电视剧不可击败,/home/v2129375/dataset/tts_audio_diff_ref/audio_0857.wav,video
我想点播珍纳的《你是我的》,/home/v2129375/dataset/tts_audio_diff_ref/audio_0858.wav,music
我想点播苏童童的音乐,/home/v2129375/dataset/tts_audio_diff_ref/audio_0859.wav,music
汉中今天的天气怎么样？,/home/v2129375/dataset/tts_audio_diff_ref/audio_0860.wav,city
我想点播电视剧唐人街探案,/home/v2129375/dataset/tts_audio_diff_ref/audio_0861.wav,video
深圳的天气怎么样？,/home/v2129375/dataset/tts_audio_diff_ref/audio_0862.wav,city
我想点播电视剧《爷爷为我打月饼》。,/home/v2129375/dataset/tts_audio_diff_ref/audio_0863.wav,video
华盛顿的天气怎么样？,/home/v2129375/dataset/tts_audio_diff_ref/audio_0864.wav,city
太原的天气怎么样？,/home/v2129375/dataset/tts_audio_diff_ref/audio_0865.wav,city
我想听梁静茹的《故城》,/home/v2129375/dataset/tts_audio_diff_ref/audio_0866.wav,music
伊犁哈萨克自治州的天气怎么样？,/home/v2129375/dataset/tts_audio_diff_ref/audio_0867.wav,city
我想点播电视剧读书郎,/home/v2129375/dataset/tts_audio_diff_ref/audio_0868.wav,video
我想点播韩红的《月光》,/home/v2129375/dataset/tts_audio_diff_ref/audio_0869.wav,music
我想点播电视剧《巧虎来了》。,/home/v2129375/dataset/tts_audio_diff_ref/audio_0870.wav,video
我想看电视剧《格纳尔》。,/home/v2129375/dataset/tts_audio_diff_ref/audio_0871.wav,video
我想看老虎的电影,/home/v2129375/dataset/tts_audio_diff_ref/audio_0872.wav,video
绍兴市的天气怎么样？,/home/v2129375/dataset/tts_audio_diff_ref/audio_0873.wav,city
通化的天气怎么样？,/home/v2129375/dataset/tts_audio_diff_ref/audio_0874.wav,city
鄂州的天气如何？,/home/v2129375/dataset/tts_audio_diff_ref/audio_0875.wav,city
普洱的天气怎么样？,/home/v2129375/dataset/tts_audio_diff_ref/audio_0876.wav,city
我想点播粉红猪小妹,/home/v2129375/dataset/tts_audio_diff_ref/audio_0877.wav,video
深圳的天气怎么样？,/home/v2129375/dataset/tts_audio_diff_ref/audio_0878.wav,city
我想点播梁晨的《无言的爱》,/home/v2129375/dataset/tts_audio_diff_ref/audio_0879.wav,music
我想看点播视频《赌徒砍杀队》。,/home/v2129375/dataset/tts_audio_diff_ref/audio_0880.wav,video
临沂的天气怎么样？,/home/v2129375/dataset/tts_audio_diff_ref/audio_0881.wav,city
深圳的天气怎么样？,/home/v2129375/dataset/tts_audio_diff_ref/audio_0882.wav,city
黔东南苗族侗族自治州的天气怎么样？,/home/v2129375/dataset/tts_audio_diff_ref/audio_0883.wav,city
我想看我的前半生的剧集,/home/v2129375/dataset/tts_audio_diff_ref/audio_0884.wav,video
我想点播王杰的囚鸟,/home/v2129375/dataset/tts_audio_diff_ref/audio_0885.wav,music
兰州市的天气如何？,/home/v2129375/dataset/tts_audio_diff_ref/audio_0886.wav,city
成都的天气怎么样？,/home/v2129375/dataset/tts_audio_diff_ref/audio_0887.wav,city
绥化市的天气怎么样？,/home/v2129375/dataset/tts_audio_diff_ref/audio_0888.wav,city
深圳的天气怎么样？,/home/v2129375/dataset/tts_audio_diff_ref/audio_0889.wav,city
黑河市的天气怎么样？,/home/v2129375/dataset/tts_audio_diff_ref/audio_0890.wav,city
我想看电视剧刷牙,/home/v2129375/dataset/tts_audio_diff_ref/audio_0891.wav,video
泉州市的天气怎么样？,/home/v2129375/dataset/tts_audio_diff_ref/audio_0892.wav,city
朔州的天气怎么样？,/home/v2129375/dataset/tts_audio_diff_ref/audio_0893.wav,city
我想点播李冈的音乐,/home/v2129375/dataset/tts_audio_diff_ref/audio_0894.wav,music
深圳的天气怎么样？,/home/v2129375/dataset/tts_audio_diff_ref/audio_0895.wav,city
汕尾市的天气怎么样？,/home/v2129375/dataset/tts_audio_diff_ref/audio_0896.wav,city
淮北的天气怎么样？,/home/v2129375/dataset/tts_audio_diff_ref/audio_0897.wav,city
我想看拆弹专家的点播视频,/home/v2129375/dataset/tts_audio_diff_ref/audio_0898.wav,video
我想点播黄品源的音乐,/home/v2129375/dataset/tts_audio_diff_ref/audio_0899.wav,music
深圳的天气怎么样？,/home/v2129375/dataset/tts_audio_diff_ref/audio_0900.wav,city
宜宾市的天气怎么样？,/home/v2129375/dataset/tts_audio_diff_ref/audio_0901.wav,city
我想点播王俊凯的音乐,/home/v2129375/dataset/tts_audio_diff_ref/audio_0902.wav,music
我想点播王霞的音乐,/home/v2129375/dataset/tts_audio_diff_ref/audio_0903.wav,music
我想点播张微的《无言的爱》,/home/v2129375/dataset/tts_audio_diff_ref/audio_0904.wav,music
淮南的天气怎么样？,/home/v2129375/dataset/tts_audio_diff_ref/audio_0905.wav,city
黔东南苗族自治州的天气怎么样？,/home/v2129375/dataset/tts_audio_diff_ref/audio_0906.wav,city
青岛市的天气怎么样？,/home/v2129375/dataset/tts_audio_diff_ref/audio_0907.wav,city
我想点播电视剧逍遥骑士,/home/v2129375/dataset/tts_audio_diff_ref/audio_0908.wav,video
张家口市的天气怎么样？,/home/v2129375/dataset/tts_audio_diff_ref/audio_0909.wav,city
我想点播恐龙世界的剧集,/home/v2129375/dataset/tts_audio_diff_ref/audio_0910.wav,video
黔南自治州的天气怎么样？,/home/v2129375/dataset/tts_audio_diff_ref/audio_0911.wav,city
我想看邮件的点播视频,/home/v2129375/dataset/tts_audio_diff_ref/audio_0912.wav,video
我想点播小跳蛙,/home/v2129375/dataset/tts_audio_diff_ref/audio_0913.wav,video
四平的天气怎么样？,/home/v2129375/dataset/tts_audio_diff_ref/audio_0914.wav,city
我想点播《童趣大冒险》,/home/v2129375/dataset/tts_audio_diff_ref/audio_0915.wav,video
巴黎今天的天气怎么样？,/home/v2129375/dataset/tts_audio_diff_ref/audio_0916.wav,city
高雄天气怎么样？,/home/v2129375/dataset/tts_audio_diff_ref/audio_0917.wav,city
长沙今天的天气怎么样？,/home/v2129375/dataset/tts_audio_diff_ref/audio_0918.wav,city
文山苗族自治州的天气怎么样？,/home/v2129375/dataset/tts_audio_diff_ref/audio_0919.wav,city
青岛市的天气怎么样？,/home/v2129375/dataset/tts_audio_diff_ref/audio_0920.wav,city
南阳的天气怎么样？,/home/v2129375/dataset/tts_audio_diff_ref/audio_0921.wav,city
拉萨市的天气如何？,/home/v2129375/dataset/tts_audio_diff_ref/audio_0922.wav,city
我想看电视剧热情似火,/home/v2129375/dataset/tts_audio_diff_ref/audio_0923.wav,video
中卫的天气怎么样？,/home/v2129375/dataset/tts_audio_diff_ref/audio_0924.wav,city
安康的天气怎么样？,/home/v2129375/dataset/tts_audio_diff_ref/audio_0925.wav,city
绥化的天气怎么样？,/home/v2129375/dataset/tts_audio_diff_ref/audio_0926.wav,city
深圳的天气怎么样？,/home/v2129375/dataset/tts_audio_diff_ref/audio_0927.wav,city
我想点播《幻影忍者》,/home/v2129375/dataset/tts_audio_diff_ref/audio_0928.wav,video
我想点播电视剧只有妈妈好,/home/v2129375/dataset/tts_audio_diff_ref/audio_0929.wav,video
我想点播电视剧痴汉男,/home/v2129375/dataset/tts_audio_diff_ref/audio_0930.wav,video
我想点播四千金的音乐,/home/v2129375/dataset/tts_audio_diff_ref/audio_0931.wav,music
孝感的天气怎么样？,/home/v2129375/dataset/tts_audio_diff_ref/audio_0932.wav,city
我想看芭比的电影,/home/v2129375/dataset/tts_audio_diff_ref/audio_0933.wav,video
深圳的天气怎么样？,/home/v2129375/dataset/tts_audio_diff_ref/audio_0934.wav,city
我想点播傅滢滢的《无言的爱》,/home/v2129375/dataset/tts_audio_diff_ref/audio_0935.wav,music
香格里拉市的天气怎么样？,/home/v2129375/dataset/tts_audio_diff_ref/audio_0936.wav,city
深圳的天气怎么样？,/home/v2129375/dataset/tts_audio_diff_ref/audio_0937.wav,city
贺州市的天气怎么样？,/home/v2129375/dataset/tts_audio_diff_ref/audio_0938.wav,city
来宾市的天气怎么样？,/home/v2129375/dataset/tts_audio_diff_ref/audio_0939.wav,city
深圳的天气怎么样？,/home/v2129375/dataset/tts_audio_diff_ref/audio_0940.wav,city
我想点播电视剧何以笙箫默,/home/v2129375/dataset/tts_audio_diff_ref/audio_0941.wav,video
我想点播舒伯特的音乐,/home/v2129375/dataset/tts_audio_diff_ref/audio_0942.wav,music
我想点播贾斯汀比伯的《Love Yourself》,/home/v2129375/dataset/tts_audio_diff_ref/audio_0943.wav,music
南宁的天气如何？,/home/v2129375/dataset/tts_audio_diff_ref/audio_0944.wav,city
太原市的天气怎么样？,/home/v2129375/dataset/tts_audio_diff_ref/audio_0945.wav,city
福州市的天气怎么样？,/home/v2129375/dataset/tts_audio_diff_ref/audio_0946.wav,city
我想点播《金刚》,/home/v2129375/dataset/tts_audio_diff_ref/audio_0947.wav,video
乌兰察布的天气怎么样？,/home/v2129375/dataset/tts_audio_diff_ref/audio_0948.wav,city
张家界的天气怎么样？,/home/v2129375/dataset/tts_audio_diff_ref/audio_0949.wav,city
我想点播王蓉的音乐,/home/v2129375/dataset/tts_audio_diff_ref/audio_0950.wav,music
我想点播电视剧零冲击生活,/home/v2129375/dataset/tts_audio_diff_ref/audio_0951.wav,video
我想点播祝锵博的音乐,/home/v2129375/dataset/tts_audio_diff_ref/audio_0952.wav,music
我想点播张忆亚的音乐,/home/v2129375/dataset/tts_audio_diff_ref/audio_0953.wav,music
我想点播亲子游戏,/home/v2129375/dataset/tts_audio_diff_ref/audio_0954.wav,video
宁德的天气怎么样？,/home/v2129375/dataset/tts_audio_diff_ref/audio_0955.wav,city
深圳的天气怎么样？,/home/v2129375/dataset/tts_audio_diff_ref/audio_0956.wav,city
我想看电视剧《爱情保卫战》。,/home/v2129375/dataset/tts_audio_diff_ref/audio_0957.wav,video
张家界的天气怎么样？,/home/v2129375/dataset/tts_audio_diff_ref/audio_0958.wav,city
汕头今天的天气怎么样？,/home/v2129375/dataset/tts_audio_diff_ref/audio_0959.wav,city
泰安的天气怎么样？,/home/v2129375/dataset/tts_audio_diff_ref/audio_0960.wav,city
新竹市的天气怎么样？,/home/v2129375/dataset/tts_audio_diff_ref/audio_0961.wav,city
我想点播张怀秋的音乐,/home/v2129375/dataset/tts_audio_diff_ref/audio_0962.wav,music
我想看电视剧天生无才,/home/v2129375/dataset/tts_audio_diff_ref/audio_0963.wav,video
龙岩的天气怎么样？,/home/v2129375/dataset/tts_audio_diff_ref/audio_0964.wav,city
保山的天气如何？,/home/v2129375/dataset/tts_audio_diff_ref/audio_0965.wav,city
丹东市的天气怎么样？,/home/v2129375/dataset/tts_audio_diff_ref/audio_0966.wav,city
纽约的天气怎么样？,/home/v2129375/dataset/tts_audio_diff_ref/audio_0967.wav,city
我想点播阿力的《无言的爱》,/home/v2129375/dataset/tts_audio_diff_ref/audio_0968.wav,music
黔南布依族苗族自治州的天气怎么样？,/home/v2129375/dataset/tts_audio_diff_ref/audio_0969.wav,city
胡志明市的天气怎么样？,/home/v2129375/dataset/tts_audio_diff_ref/audio_0970.wav,city
我想看电视剧无穷的欲望,/home/v2129375/dataset/tts_audio_diff_ref/audio_0971.wav,video
我想点播祁隆的《无言的爱》,/home/v2129375/dataset/tts_audio_diff_ref/audio_0972.wav,music
我想点播幻小梦,/home/v2129375/dataset/tts_audio_diff_ref/audio_0973.wav,music
我想点播腾格尔的音乐,/home/v2129375/dataset/tts_audio_diff_ref/audio_0974.wav,music
济南今天的天气怎么样？,/home/v2129375/dataset/tts_audio_diff_ref/audio_0975.wav,city
我想点播罗子舒的《茉莉花》,/home/v2129375/dataset/tts_audio_diff_ref/audio_0976.wav,music
我想点播庄心妍的音乐,/home/v2129375/dataset/tts_audio_diff_ref/audio_0977.wav,music
我想点播裘斯的《The Chain》,/home/v2129375/dataset/tts_audio_diff_ref/audio_0978.wav,music
苏州今天的天气怎么样？,/home/v2129375/dataset/tts_audio_diff_ref/audio_0979.wav,city
我想点播艾利之书,/home/v2129375/dataset/tts_audio_diff_ref/audio_0980.wav,video
岳阳市的天气怎么样？,/home/v2129375/dataset/tts_audio_diff_ref/audio_0981.wav,city
我想点播《二零零一漫游太空》,/home/v2129375/dataset/tts_audio_diff_ref/audio_0982.wav,video
盘锦市的天气怎么样？,/home/v2129375/dataset/tts_audio_diff_ref/audio_0983.wav,city
我想看电视剧老九门,/home/v2129375/dataset/tts_audio_diff_ref/audio_0984.wav,video
我想看毛泽东的纪录片,/home/v2129375/dataset/tts_audio_diff_ref/audio_0985.wav,video
嘉义市的天气怎么样？,/home/v2129375/dataset/tts_audio_diff_ref/audio_0986.wav,city
我想点播电视剧《龙门飞甲》。,/home/v2129375/dataset/tts_audio_diff_ref/audio_0987.wav,video
深圳的天气怎么样？,/home/v2129375/dataset/tts_audio_diff_ref/audio_0988.wav,city
台北天气如何？,/home/v2129375/dataset/tts_audio_diff_ref/audio_0989.wav,city
我想看电视剧《十万个为什么》。,/home/v2129375/dataset/tts_audio_diff_ref/audio_0990.wav,video
我想听赵雷的《茄子》,/home/v2129375/dataset/tts_audio_diff_ref/audio_0991.wav,music
我想看张博士的电视剧,/home/v2129375/dataset/tts_audio_diff_ref/audio_0992.wav,video
安阳今天的天气怎么样？,/home/v2129375/dataset/tts_audio_diff_ref/audio_0993.wav,city
我想看电视剧西线无战事,/home/v2129375/dataset/tts_audio_diff_ref/audio_0994.wav,video
我想看《猩球崛起》,/home/v2129375/dataset/tts_audio_diff_ref/audio_0995.wav,video
我想点播戴升的《我爱你》,/home/v2129375/dataset/tts_audio_diff_ref/audio_0996.wav,music
抚顺市的天气怎么样？,/home/v2129375/dataset/tts_audio_diff_ref/audio_0997.wav,city
我想看点播视频迷失的星,/home/v2129375/dataset/tts_audio_diff_ref/audio_0998.wav,video
深圳的天气怎么样？,/home/v2129375/dataset/tts_audio_diff_ref/audio_0999.wav,city
毕节市的天气怎么样？,/home/v2129375/dataset/tts_audio_diff_ref/audio_1000.wav,city
伊犁自治州的天气怎么样？,/home/v2129375/dataset/tts_audio_diff_ref/audio_1001.wav,city
纽约的天气怎么样？,/home/v2129375/dataset/tts_audio_diff_ref/audio_1002.wav,city
我想点播《流星雨》,/home/v2129375/dataset/tts_audio_diff_ref/audio_1003.wav,video
临夏州的天气怎么样？,/home/v2129375/dataset/tts_audio_diff_ref/audio_1004.wav,city
怀化市的天气怎么样？,/home/v2129375/dataset/tts_audio_diff_ref/audio_1005.wav,city
我想看春天里的视频。,/home/v2129375/dataset/tts_audio_diff_ref/audio_1006.wav,video
我想听莫扎特的交响曲第41号,/home/v2129375/dataset/tts_audio_diff_ref/audio_1007.wav,music
肇庆市的天气怎么样？,/home/v2129375/dataset/tts_audio_diff_ref/audio_1008.wav,city
我想点播汪峰的音乐,/home/v2129375/dataset/tts_audio_diff_ref/audio_1009.wav,music
我想看超凡的点播视频,/home/v2129375/dataset/tts_audio_diff_ref/audio_1010.wav,video
我想听刘涛的音乐,/home/v2129375/dataset/tts_audio_diff_ref/audio_1011.wav,music
大连天气怎么样？,/home/v2129375/dataset/tts_audio_diff_ref/audio_1012.wav,city
我想点播吴若希的音乐,/home/v2129375/dataset/tts_audio_diff_ref/audio_1013.wav,music
北京市的天气如何？,/home/v2129375/dataset/tts_audio_diff_ref/audio_1014.wav,city
汉中市的天气怎么样？,/home/v2129375/dataset/tts_audio_diff_ref/audio_1015.wav,city
四平市的天气怎么样？,/home/v2129375/dataset/tts_audio_diff_ref/audio_1016.wav,city
天津今天的天气怎么样？,/home/v2129375/dataset/tts_audio_diff_ref/audio_1017.wav,city
我想点播宋孟君的音乐,/home/v2129375/dataset/tts_audio_diff_ref/audio_1018.wav,music
衢州今天的天气怎么样？,/home/v2129375/dataset/tts_audio_diff_ref/audio_1019.wav,city
莆田市的天气怎么样？,/home/v2129375/dataset/tts_audio_diff_ref/audio_1020.wav,city
我想看绝世高手的点播视频,/home/v2129375/dataset/tts_audio_diff_ref/audio_1021.wav,video
瓦房店市的天气怎么样？,/home/v2129375/dataset/tts_audio_diff_ref/audio_1022.wav,city
昆明的天气怎么样？,/home/v2129375/dataset/tts_audio_diff_ref/audio_1023.wav,city
新余市的天气怎么样？,/home/v2129375/dataset/tts_audio_diff_ref/audio_1024.wav,city
汕尾的天气怎么样？,/home/v2129375/dataset/tts_audio_diff_ref/audio_1025.wav,city
我想点播丰台五小的音乐,/home/v2129375/dataset/tts_audio_diff_ref/audio_1026.wav,music
深圳的天气怎么样？,/home/v2129375/dataset/tts_audio_diff_ref/audio_1027.wav,city
蚌埠的天气怎么样？,/home/v2129375/dataset/tts_audio_diff_ref/audio_1028.wav,city
我想点播央措柯秀,/home/v2129375/dataset/tts_audio_diff_ref/audio_1029.wav,music
我想点播《速度与激情》,/home/v2129375/dataset/tts_audio_diff_ref/audio_1030.wav,video
我想点播刘若英的音乐,/home/v2129375/dataset/tts_audio_diff_ref/audio_1031.wav,music
我想点播筷子兄弟的音乐,/home/v2129375/dataset/tts_audio_diff_ref/audio_1032.wav,music
我想看电视剧家庭的朋友,/home/v2129375/dataset/tts_audio_diff_ref/audio_1033.wav,video
我想看战狼的点播视频,/home/v2129375/dataset/tts_audio_diff_ref/audio_1034.wav,video
我想看电影大脑越狱,/home/v2129375/dataset/tts_audio_diff_ref/audio_1035.wav,video
我想看第三个人的点播视频,/home/v2129375/dataset/tts_audio_diff_ref/audio_1036.wav,video
我想看电视剧体热,/home/v2129375/dataset/tts_audio_diff_ref/audio_1037.wav,video
我想点播朴容仁的音乐,/home/v2129375/dataset/tts_audio_diff_ref/audio_1038.wav,music
成都市的天气怎么样？,/home/v2129375/dataset/tts_audio_diff_ref/audio_1039.wav,city
我想点播小青蛙的电视剧,/home/v2129375/dataset/tts_audio_diff_ref/audio_1040.wav,video
我想点播方童的音乐,/home/v2129375/dataset/tts_audio_diff_ref/audio_1041.wav,music
我想点播齐秦的《青花瓷》,/home/v2129375/dataset/tts_audio_diff_ref/audio_1042.wav,music
我想点播何家劲的音乐,/home/v2129375/dataset/tts_audio_diff_ref/audio_1043.wav,music
深圳的天气怎么样？,/home/v2129375/dataset/tts_audio_diff_ref/audio_1044.wav,city
我想点播万继红的音乐,/home/v2129375/dataset/tts_audio_diff_ref/audio_1045.wav,music
三亚市的天气怎么样？,/home/v2129375/dataset/tts_audio_diff_ref/audio_1046.wav,city
我想点播柠檬的音乐,/home/v2129375/dataset/tts_audio_diff_ref/audio_1047.wav,music
深圳的天气怎么样？,/home/v2129375/dataset/tts_audio_diff_ref/audio_1048.wav,city
我想点播《超级美少女》,/home/v2129375/dataset/tts_audio_diff_ref/audio_1049.wav,video
我想看点播视频《无因的反叛》。,/home/v2129375/dataset/tts_audio_diff_ref/audio_1050.wav,video
我想点播刘和刚的音乐,/home/v2129375/dataset/tts_audio_diff_ref/audio_1051.wav,music
我想点播《极限挑战》,/home/v2129375/dataset/tts_audio_diff_ref/audio_1052.wav,video
波士顿的天气怎么样？,/home/v2129375/dataset/tts_audio_diff_ref/audio_1053.wav,city
辽宁省的天气怎么样？,/home/v2129375/dataset/tts_audio_diff_ref/audio_1054.wav,city
濮阳市的天气怎么样？,/home/v2129375/dataset/tts_audio_diff_ref/audio_1055.wav,city
深圳的天气怎么样？,/home/v2129375/dataset/tts_audio_diff_ref/audio_1056.wav,city
我想点播宝宝巴士的电视剧,/home/v2129375/dataset/tts_audio_diff_ref/audio_1057.wav,video
湘潭天气如何？,/home/v2129375/dataset/tts_audio_diff_ref/audio_1058.wav,city
我想看蜘蛛的电影,/home/v2129375/dataset/tts_audio_diff_ref/audio_1059.wav,video
我想看恐龙的纪录片,/home/v2129375/dataset/tts_audio_diff_ref/audio_1060.wav,video
深圳天气怎么样？,/home/v2129375/dataset/tts_audio_diff_ref/audio_1061.wav,city
我想点播马玉萍的音乐,/home/v2129375/dataset/tts_audio_diff_ref/audio_1062.wav,music
开封天气如何？,/home/v2129375/dataset/tts_audio_diff_ref/audio_1063.wav,city
大兴安岭的天气怎么样？,/home/v2129375/dataset/tts_audio_diff_ref/audio_1064.wav,city
西双版纳州的天气怎么样？,/home/v2129375/dataset/tts_audio_diff_ref/audio_1065.wav,city
郑州市的天气怎么样？,/home/v2129375/dataset/tts_audio_diff_ref/audio_1066.wav,city
深圳的天气怎么样？,/home/v2129375/dataset/tts_audio_diff_ref/audio_1067.wav,city
凉山的天气怎么样？,/home/v2129375/dataset/tts_audio_diff_ref/audio_1068.wav,city
我想点播电视剧《流寇志》。,/home/v2129375/dataset/tts_audio_diff_ref/audio_1069.wav,video
深圳的天气怎么样？,/home/v2129375/dataset/tts_audio_diff_ref/audio_1070.wav,city
遵义的天气怎么样？,/home/v2129375/dataset/tts_audio_diff_ref/audio_1071.wav,city
我想点播小燕子的歌,/home/v2129375/dataset/tts_audio_diff_ref/audio_1072.wav,video
我想看鹿鼎记的点播视频,/home/v2129375/dataset/tts_audio_diff_ref/audio_1073.wav,video
我想看电影卧虎藏龙,/home/v2129375/dataset/tts_audio_diff_ref/audio_1074.wav,video
常州的天气怎么样？,/home/v2129375/dataset/tts_audio_diff_ref/audio_1075.wav,city
湘潭市的天气怎么样？,/home/v2129375/dataset/tts_audio_diff_ref/audio_1076.wav,city
我想点播红高粱的电视剧,/home/v2129375/dataset/tts_audio_diff_ref/audio_1077.wav,video
漳州市的天气怎么样？,/home/v2129375/dataset/tts_audio_diff_ref/audio_1078.wav,city
北海的天气怎么样？,/home/v2129375/dataset/tts_audio_diff_ref/audio_1079.wav,city
我想点播电视剧《明月几时有》。,/home/v2129375/dataset/tts_audio_diff_ref/audio_1080.wav,video
我想点播张雨生的音乐,/home/v2129375/dataset/tts_audio_diff_ref/audio_1081.wav,music
佳木斯的天气怎么样？,/home/v2129375/dataset/tts_audio_diff_ref/audio_1082.wav,city
德宏自治州的天气怎么样？,/home/v2129375/dataset/tts_audio_diff_ref/audio_1083.wav,city
驻马店的天气怎么样？,/home/v2129375/dataset/tts_audio_diff_ref/audio_1084.wav,city
上海今天的天气怎么样？,/home/v2129375/dataset/tts_audio_diff_ref/audio_1085.wav,city
昌吉自治州的天气怎么样？,/home/v2129375/dataset/tts_audio_diff_ref/audio_1086.wav,city
我想点播电影《电影四十三》。,/home/v2129375/dataset/tts_audio_diff_ref/audio_1087.wav,video
我想看电视剧大梦想家,/home/v2129375/dataset/tts_audio_diff_ref/audio_1088.wav,video
博尔塔拉州的天气怎么样？,/home/v2129375/dataset/tts_audio_diff_ref/audio_1089.wav,city
洛阳市的天气怎么样？,/home/v2129375/dataset/tts_audio_diff_ref/audio_1090.wav,city
深圳的天气怎么样？,/home/v2129375/dataset/tts_audio_diff_ref/audio_1091.wav,city
我想看11岁的电视剧。,/home/v2129375/dataset/tts_audio_diff_ref/audio_1092.wav,video
我想听刘德华的歌曲,/home/v2129375/dataset/tts_audio_diff_ref/audio_1093.wav,music
我想点播兔小贝儿歌的三个和尚的点播视频。,/home/v2129375/dataset/tts_audio_diff_ref/audio_1094.wav,video
延边自治州的天气怎么样？,/home/v2129375/dataset/tts_audio_diff_ref/audio_1095.wav,city
周口市的天气怎么样？,/home/v2129375/dataset/tts_audio_diff_ref/audio_1096.wav,city
我想看电视剧没有共产党就没有新中国,/home/v2129375/dataset/tts_audio_diff_ref/audio_1097.wav,video
沈阳的天气怎么样？,/home/v2129375/dataset/tts_audio_diff_ref/audio_1098.wav,city
我想点播五月天的《心之所向》,/home/v2129375/dataset/tts_audio_diff_ref/audio_1099.wav,music
丽江的天气怎么样？,/home/v2129375/dataset/tts_audio_diff_ref/audio_1100.wav,city
三明市的天气怎么样？,/home/v2129375/dataset/tts_audio_diff_ref/audio_1101.wav,city
南阳的天气怎么样？,/home/v2129375/dataset/tts_audio_diff_ref/audio_1102.wav,city
我想点播郑丽君的音乐,/home/v2129375/dataset/tts_audio_diff_ref/audio_1103.wav,music
果洛自治州的天气怎么样？,/home/v2129375/dataset/tts_audio_diff_ref/audio_1104.wav,city
吉林的天气怎么样？,/home/v2129375/dataset/tts_audio_diff_ref/audio_1105.wav,city
我想点播小娟与一峰的音乐,/home/v2129375/dataset/tts_audio_diff_ref/audio_1106.wav,music
我想点播电视剧轩辕剑之汉之云,/home/v2129375/dataset/tts_audio_diff_ref/audio_1107.wav,video
深圳的天气怎么样？,/home/v2129375/dataset/tts_audio_diff_ref/audio_1108.wav,city
首尔的天气怎么样？,/home/v2129375/dataset/tts_audio_diff_ref/audio_1109.wav,city
我想点播刘洪刚的《我爱你》,/home/v2129375/dataset/tts_audio_diff_ref/audio_1110.wav,music
我想点播米奇妙妙屋,/home/v2129375/dataset/tts_audio_diff_ref/audio_1111.wav,video
我想点播电视剧杀手十三上,/home/v2129375/dataset/tts_audio_diff_ref/audio_1112.wav,video
我想点播盲人追凶,/home/v2129375/dataset/tts_audio_diff_ref/audio_1113.wav,video
我想点播伍佰的《我爱你》,/home/v2129375/dataset/tts_audio_diff_ref/audio_1114.wav,music
我想点播郭津彤的《囚鸟》,/home/v2129375/dataset/tts_audio_diff_ref/audio_1115.wav,music
武威的天气怎么样？,/home/v2129375/dataset/tts_audio_diff_ref/audio_1116.wav,city
我想看电视剧人民的名义,/home/v2129375/dataset/tts_audio_diff_ref/audio_1117.wav,video
乌鲁木齐的天气怎么样？,/home/v2129375/dataset/tts_audio_diff_ref/audio_1118.wav,city
我想点播电视剧《将军的选择》。,/home/v2129375/dataset/tts_audio_diff_ref/audio_1119.wav,video
我想点播西游记,/home/v2129375/dataset/tts_audio_diff_ref/audio_1120.wav,video
深圳的天气怎么样？,/home/v2129375/dataset/tts_audio_diff_ref/audio_1121.wav,city
我想点播兔小贝儿歌,/home/v2129375/dataset/tts_audio_diff_ref/audio_1122.wav,video
墨尔本的天气怎么样？,/home/v2129375/dataset/tts_audio_diff_ref/audio_1123.wav,city
我想看电视剧放逐香港版,/home/v2129375/dataset/tts_audio_diff_ref/audio_1124.wav,video
我想点播电视剧大好时光,/home/v2129375/dataset/tts_audio_diff_ref/audio_1125.wav,video
我想看闪电侠,/home/v2129375/dataset/tts_audio_diff_ref/audio_1126.wav,video
深圳的天气怎么样？,/home/v2129375/dataset/tts_audio_diff_ref/audio_1127.wav,city
南昌的天气怎么样？,/home/v2129375/dataset/tts_audio_diff_ref/audio_1128.wav,city
合肥今天的天气怎么样？,/home/v2129375/dataset/tts_audio_diff_ref/audio_1129.wav,city
钦州的天气怎么样？,/home/v2129375/dataset/tts_audio_diff_ref/audio_1130.wav,city
深圳的天气怎么样？,/home/v2129375/dataset/tts_audio_diff_ref/audio_1131.wav,city
我想点播周彦宏的音乐,/home/v2129375/dataset/tts_audio_diff_ref/audio_1132.wav,music
深圳的天气怎么样？,/home/v2129375/dataset/tts_audio_diff_ref/audio_1133.wav,city
我想看电影北京遇上西雅图,/home/v2129375/dataset/tts_audio_diff_ref/audio_1134.wav,video
丽水天气如何？,/home/v2129375/dataset/tts_audio_diff_ref/audio_1135.wav,city
我想看《熊出没》变形记。,/home/v2129375/dataset/tts_audio_diff_ref/audio_1136.wav,video
我想点播电视剧赌霸,/home/v2129375/dataset/tts_audio_diff_ref/audio_1137.wav,video
我想点播刘欢的《你是我的》,/home/v2129375/dataset/tts_audio_diff_ref/audio_1138.wav,music
我想点播辛萌的《我爱你》,/home/v2129375/dataset/tts_audio_diff_ref/audio_1139.wav,music
我想点播蒙面唱将猜猜猜,/home/v2129375/dataset/tts_audio_diff_ref/audio_1140.wav,video
南通市的天气怎么样？,/home/v2129375/dataset/tts_audio_diff_ref/audio_1141.wav,city
我想点播小猪佩奇,/home/v2129375/dataset/tts_audio_diff_ref/audio_1142.wav,video
首尔的天气怎么样？,/home/v2129375/dataset/tts_audio_diff_ref/audio_1143.wav,city
通辽的天气怎么样？,/home/v2129375/dataset/tts_audio_diff_ref/audio_1144.wav,city
衡阳的天气怎么样？,/home/v2129375/dataset/tts_audio_diff_ref/audio_1145.wav,city
我想看大头儿子和小头爸爸的点播视频,/home/v2129375/dataset/tts_audio_diff_ref/audio_1146.wav,video
庆阳市的天气怎么样？,/home/v2129375/dataset/tts_audio_diff_ref/audio_1147.wav,city
我想点播小老鼠上灯台偷油吃下不来,/home/v2129375/dataset/tts_audio_diff_ref/audio_1148.wav,video
我想点播乌兰托娅的音乐,/home/v2129375/dataset/tts_audio_diff_ref/audio_1149.wav,music
重庆市的天气怎么样？,/home/v2129375/dataset/tts_audio_diff_ref/audio_1150.wav,city
清远市的天气怎么样？,/home/v2129375/dataset/tts_audio_diff_ref/audio_1151.wav,city
我想点播陈冠希的音乐,/home/v2129375/dataset/tts_audio_diff_ref/audio_1152.wav,music
我想点播开心儿歌数鸭子,/home/v2129375/dataset/tts_audio_diff_ref/audio_1153.wav,video
深圳的天气怎么样？,/home/v2129375/dataset/tts_audio_diff_ref/audio_1154.wav,city
我想看电影《美人鱼》。,/home/v2129375/dataset/tts_audio_diff_ref/audio_1155.wav,video
我想点播李雪雅的《无言的爱》,/home/v2129375/dataset/tts_audio_diff_ref/audio_1156.wav,music
珠海市的天气怎么样？,/home/v2129375/dataset/tts_audio_diff_ref/audio_1157.wav,city
梅州的天气怎么样？,/home/v2129375/dataset/tts_audio_diff_ref/audio_1158.wav,city
我想点播谭咏麟的《蓝色时光》,/home/v2129375/dataset/tts_audio_diff_ref/audio_1159.wav,music
我想看金刚狼的电影,/home/v2129375/dataset/tts_audio_diff_ref/audio_1160.wav,video
昌吉州的天气怎么样？,/home/v2129375/dataset/tts_audio_diff_ref/audio_1161.wav,city
湖州市今天的天气怎么样？,/home/v2129375/dataset/tts_audio_diff_ref/audio_1162.wav,city
雅安的天气怎么样？,/home/v2129375/dataset/tts_audio_diff_ref/audio_1163.wav,city
潮州的天气如何？,/home/v2129375/dataset/tts_audio_diff_ref/audio_1164.wav,city
我想点播潘玮柏的音乐,/home/v2129375/dataset/tts_audio_diff_ref/audio_1165.wav,music
榆林的天气怎么样？,/home/v2129375/dataset/tts_audio_diff_ref/audio_1166.wav,city
我想点播《超级飞侠》,/home/v2129375/dataset/tts_audio_diff_ref/audio_1167.wav,video
我想看电视剧狼人杀,/home/v2129375/dataset/tts_audio_diff_ref/audio_1168.wav,video
深圳的天气怎么样？,/home/v2129375/dataset/tts_audio_diff_ref/audio_1169.wav,city
我想点播虎豹小霸王,/home/v2129375/dataset/tts_audio_diff_ref/audio_1170.wav,video
我想看电视剧麻辣变形计,/home/v2129375/dataset/tts_audio_diff_ref/audio_1171.wav,video
我想点播电视剧壹起去旅行,/home/v2129375/dataset/tts_audio_diff_ref/audio_1172.wav,video
我想点播张学友的音乐,/home/v2129375/dataset/tts_audio_diff_ref/audio_1173.wav,music
我想点播黄蓉的音乐,/home/v2129375/dataset/tts_audio_diff_ref/audio_1174.wav,music
洛阳的天气如何？,/home/v2129375/dataset/tts_audio_diff_ref/audio_1175.wav,city
我想点播弗雷德乐队的音乐。,/home/v2129375/dataset/tts_audio_diff_ref/audio_1176.wav,music
我想听邓紫棋的音乐,/home/v2129375/dataset/tts_audio_diff_ref/audio_1177.wav,music
深圳的天气怎么样？,/home/v2129375/dataset/tts_audio_diff_ref/audio_1178.wav,city
我想点播尹子璐的音乐,/home/v2129375/dataset/tts_audio_diff_ref/audio_1179.wav,music
黔西南布依族苗族自治州的天气怎么样？,/home/v2129375/dataset/tts_audio_diff_ref/audio_1180.wav,city
怒江自治州的天气怎么样？,/home/v2129375/dataset/tts_audio_diff_ref/audio_1181.wav,city
我想点播曹芙嘉的《我爱你》,/home/v2129375/dataset/tts_audio_diff_ref/audio_1182.wav,music
我想看乌龙特工的点播视频,/home/v2129375/dataset/tts_audio_diff_ref/audio_1183.wav,video
我想点播芭比娃娃梦想屋。,/home/v2129375/dataset/tts_audio_diff_ref/audio_1184.wav,video
邵阳的天气怎么样？,/home/v2129375/dataset/tts_audio_diff_ref/audio_1185.wav,city
我想看点播视频西海固纪事,/home/v2129375/dataset/tts_audio_diff_ref/audio_1186.wav,video
我想点播金木晨的《我的爱》,/home/v2129375/dataset/tts_audio_diff_ref/audio_1187.wav,music
我想点播刀妹的音乐,/home/v2129375/dataset/tts_audio_diff_ref/audio_1188.wav,music
深圳的天气怎么样？,/home/v2129375/dataset/tts_audio_diff_ref/audio_1189.wav,city
荆门市的天气怎么样？,/home/v2129375/dataset/tts_audio_diff_ref/audio_1190.wav,city
我想点播欧姐的音乐,/home/v2129375/dataset/tts_audio_diff_ref/audio_1191.wav,music
梧州市的天气怎么样？,/home/v2129375/dataset/tts_audio_diff_ref/audio_1192.wav,city
赣州市的天气怎么样？,/home/v2129375/dataset/tts_audio_diff_ref/audio_1193.wav,city
我想点播电视剧战壕,/home/v2129375/dataset/tts_audio_diff_ref/audio_1194.wav,video
我想看史密斯先生去华盛顿的剧集。,/home/v2129375/dataset/tts_audio_diff_ref/audio_1195.wav,video
天津市的天气怎么样？,/home/v2129375/dataset/tts_audio_diff_ref/audio_1196.wav,city
我想点播《奥特曼》,/home/v2129375/dataset/tts_audio_diff_ref/audio_1197.wav,video
我想点播唐媛的汤圆,/home/v2129375/dataset/tts_audio_diff_ref/audio_1198.wav,music
深圳的天气怎么样？,/home/v2129375/dataset/tts_audio_diff_ref/audio_1199.wav,city
我想看电视剧拜托拿稳,/home/v2129375/dataset/tts_audio_diff_ref/audio_1200.wav,video
贵阳的天气如何？,/home/v2129375/dataset/tts_audio_diff_ref/audio_1201.wav,city
保定的天气怎么样？,/home/v2129375/dataset/tts_audio_diff_ref/audio_1202.wav,city
平凉的天气怎么样？,/home/v2129375/dataset/tts_audio_diff_ref/audio_1203.wav,city
临夏市的天气怎么样？,/home/v2129375/dataset/tts_audio_diff_ref/audio_1204.wav,city
广安市的天气怎么样？,/home/v2129375/dataset/tts_audio_diff_ref/audio_1205.wav,city
我想点播《猫和老鼠》,/home/v2129375/dataset/tts_audio_diff_ref/audio_1206.wav,video
我想点播电视剧细胞,/home/v2129375/dataset/tts_audio_diff_ref/audio_1207.wav,video
我想看美丽生活的点播视频,/home/v2129375/dataset/tts_audio_diff_ref/audio_1208.wav,video
张家口的天气怎么样？,/home/v2129375/dataset/tts_audio_diff_ref/audio_1209.wav,city
我想看点播视频《龟兔赛跑》。,/home/v2129375/dataset/tts_audio_diff_ref/audio_1210.wav,video
高雄市的天气怎么样？,/home/v2129375/dataset/tts_audio_diff_ref/audio_1211.wav,city
我想点播李馨巧的音乐,/home/v2129375/dataset/tts_audio_diff_ref/audio_1212.wav,music
呼和浩特市的天气怎么样？,/home/v2129375/dataset/tts_audio_diff_ref/audio_1213.wav,city
我想点播李行亮的《无言的爱》,/home/v2129375/dataset/tts_audio_diff_ref/audio_1214.wav,music
凉山彝族自治州的天气怎么样？,/home/v2129375/dataset/tts_audio_diff_ref/audio_1215.wav,city
北海市的天气怎么样？,/home/v2129375/dataset/tts_audio_diff_ref/audio_1216.wav,city
我想看电视剧一夜风流,/home/v2129375/dataset/tts_audio_diff_ref/audio_1217.wav,video
我想点播龙梅子冷漠的音乐,/home/v2129375/dataset/tts_audio_diff_ref/audio_1218.wav,music
甘南的天气怎么样？,/home/v2129375/dataset/tts_audio_diff_ref/audio_1219.wav,city
抚州市的天气怎么样？,/home/v2129375/dataset/tts_audio_diff_ref/audio_1220.wav,city
台北天气如何？,/home/v2129375/dataset/tts_audio_diff_ref/audio_1221.wav,city
深圳的天气怎么样？,/home/v2129375/dataset/tts_audio_diff_ref/audio_1222.wav,city
酒泉的天气怎么样？,/home/v2129375/dataset/tts_audio_diff_ref/audio_1223.wav,city
我想点播曲婉婷的《无言的爱》,/home/v2129375/dataset/tts_audio_diff_ref/audio_1224.wav,music
鹤壁的天气怎么样？,/home/v2129375/dataset/tts_audio_diff_ref/audio_1225.wav,city
柏林的天气如何？,/home/v2129375/dataset/tts_audio_diff_ref/audio_1226.wav,city
苏州市的天气怎么样？,/home/v2129375/dataset/tts_audio_diff_ref/audio_1227.wav,city
我想看电视剧校花的贴身高手,/home/v2129375/dataset/tts_audio_diff_ref/audio_1228.wav,video
我想点播张信哲的《无言的爱》,/home/v2129375/dataset/tts_audio_diff_ref/audio_1229.wav,music
济南今天的天气怎么样？,/home/v2129375/dataset/tts_audio_diff_ref/audio_1230.wav,city
深圳的天气怎么样？,/home/v2129375/dataset/tts_audio_diff_ref/audio_1231.wav,city
我想看老鼠的点播视频,/home/v2129375/dataset/tts_audio_diff_ref/audio_1232.wav,video
南平市的天气怎么样？,/home/v2129375/dataset/tts_audio_diff_ref/audio_1233.wav,city
我想点播《猩球崛起》三集,/home/v2129375/dataset/tts_audio_diff_ref/audio_1234.wav,video
本溪市的天气怎么样？,/home/v2129375/dataset/tts_audio_diff_ref/audio_1235.wav,city
南平的天气怎么样？,/home/v2129375/dataset/tts_audio_diff_ref/audio_1236.wav,city
我想点播《教父》,/home/v2129375/dataset/tts_audio_diff_ref/audio_1237.wav,video
武汉的天气如何？,/home/v2129375/dataset/tts_audio_diff_ref/audio_1238.wav,city
我想看兔小贝的故事,/home/v2129375/dataset/tts_audio_diff_ref/audio_1239.wav,video
双鸭山市的天气怎么样？,/home/v2129375/dataset/tts_audio_diff_ref/audio_1240.wav,city
廊坊市的天气怎么样？,/home/v2129375/dataset/tts_audio_diff_ref/audio_1241.wav,city
本溪的天气怎么样？,/home/v2129375/dataset/tts_audio_diff_ref/audio_1242.wav,city
我想看《开心俱乐部》,/home/v2129375/dataset/tts_audio_diff_ref/audio_1243.wav,video
休斯顿的天气怎么样？,/home/v2129375/dataset/tts_audio_diff_ref/audio_1244.wav,city
我想点播云雀合唱团的音乐,/home/v2129375/dataset/tts_audio_diff_ref/audio_1245.wav,music
我想点播电视剧《吉恩的妻子》。,/home/v2129375/dataset/tts_audio_diff_ref/audio_1246.wav,video
我想点播史俊威的音乐,/home/v2129375/dataset/tts_audio_diff_ref/audio_1247.wav,music
我想点播冯翰铭的音乐,/home/v2129375/dataset/tts_audio_diff_ref/audio_1248.wav,music
深圳的天气怎么样？,/home/v2129375/dataset/tts_audio_diff_ref/audio_1249.wav,city
巴彦淖尔的天气怎么样？,/home/v2129375/dataset/tts_audio_diff_ref/audio_1250.wav,city
我想点播陆逖的音乐,/home/v2129375/dataset/tts_audio_diff_ref/audio_1251.wav,music
伊犁州的天气怎么样？,/home/v2129375/dataset/tts_audio_diff_ref/audio_1252.wav,city
我想点播陈婷的音乐,/home/v2129375/dataset/tts_audio_diff_ref/audio_1253.wav,music
嘉峪关市的天气怎么样？,/home/v2129375/dataset/tts_audio_diff_ref/audio_1254.wav,city
我想点播《疯狂外星人》,/home/v2129375/dataset/tts_audio_diff_ref/audio_1255.wav,video
我想点播李玉刚的音乐,/home/v2129375/dataset/tts_audio_diff_ref/audio_1256.wav,music
深圳的天气怎么样？,/home/v2129375/dataset/tts_audio_diff_ref/audio_1257.wav,city
我想看电视剧《在人间》。,/home/v2129375/dataset/tts_audio_diff_ref/audio_1258.wav,video
昭通的天气怎么样？,/home/v2129375/dataset/tts_audio_diff_ref/audio_1259.wav,city
日喀则的天气如何？,/home/v2129375/dataset/tts_audio_diff_ref/audio_1260.wav,city
博尔塔拉蒙古自治州的天气怎么样？,/home/v2129375/dataset/tts_audio_diff_ref/audio_1261.wav,city
我想看点播视频《野战排》。,/home/v2129375/dataset/tts_audio_diff_ref/audio_1262.wav,video
宝鸡市的天气怎么样？,/home/v2129375/dataset/tts_audio_diff_ref/audio_1263.wav,city
我想点播电视剧《十里桃花》。,/home/v2129375/dataset/tts_audio_diff_ref/audio_1264.wav,video
温州今天的天气怎么样？,/home/v2129375/dataset/tts_audio_diff_ref/audio_1265.wav,city
秦皇岛市的天气如何？,/home/v2129375/dataset/tts_audio_diff_ref/audio_1266.wav,city
我想看演员的电视剧,/home/v2129375/dataset/tts_audio_diff_ref/audio_1267.wav,video
我想点播克里斯托弗的音乐,/home/v2129375/dataset/tts_audio_diff_ref/audio_1268.wav,music
我想看电影愤怒的公牛,/home/v2129375/dataset/tts_audio_diff_ref/audio_1269.wav,video
基隆的天气怎么样？,/home/v2129375/dataset/tts_audio_diff_ref/audio_1270.wav,city
文山自治州的天气怎么样？,/home/v2129375/dataset/tts_audio_diff_ref/audio_1271.wav,city
曲靖市的天气怎么样？,/home/v2129375/dataset/tts_audio_diff_ref/audio_1272.wav,city
我想点播电视剧醉玲珑,/home/v2129375/dataset/tts_audio_diff_ref/audio_1273.wav,video
我想点播可儿的音乐,/home/v2129375/dataset/tts_audio_diff_ref/audio_1274.wav,music
我想点播安东的《无名之辈》,/home/v2129375/dataset/tts_audio_diff_ref/audio_1275.wav,music
我想点播宝宝巴士的音乐,/home/v2129375/dataset/tts_audio_diff_ref/audio_1276.wav,music
我想看电视剧举国之重,/home/v2129375/dataset/tts_audio_diff_ref/audio_1277.wav,video
我想点播电视剧《落在树梢》。,/home/v2129375/dataset/tts_audio_diff_ref/audio_1278.wav,video
深圳的天气怎么样？,/home/v2129375/dataset/tts_audio_diff_ref/audio_1279.wav,city
克拉玛依市的天气怎么样？,/home/v2129375/dataset/tts_audio_diff_ref/audio_1280.wav,city
我想点播电视剧灰姑娘,/home/v2129375/dataset/tts_audio_diff_ref/audio_1281.wav,video
恩施自治州的天气怎么样？,/home/v2129375/dataset/tts_audio_diff_ref/audio_1282.wav,city
中山市今天的天气怎么样？,/home/v2129375/dataset/tts_audio_diff_ref/audio_1283.wav,city
鸡西市的天气怎么样？,/home/v2129375/dataset/tts_audio_diff_ref/audio_1284.wav,city
深圳的天气怎么样？,/home/v2129375/dataset/tts_audio_diff_ref/audio_1285.wav,city
我想点播黑豹乐队的音乐,/home/v2129375/dataset/tts_audio_diff_ref/audio_1286.wav,music
南宁市的天气怎么样？,/home/v2129375/dataset/tts_audio_diff_ref/audio_1287.wav,city
嘉兴今天的天气怎么样？,/home/v2129375/dataset/tts_audio_diff_ref/audio_1288.wav,city
深圳的天气怎么样？,/home/v2129375/dataset/tts_audio_diff_ref/audio_1289.wav,city
菏泽的天气怎么样？,/home/v2129375/dataset/tts_audio_diff_ref/audio_1290.wav,city
我想点播《熊熊乐园》,/home/v2129375/dataset/tts_audio_diff_ref/audio_1291.wav,video
泉州的天气如何？,/home/v2129375/dataset/tts_audio_diff_ref/audio_1292.wav,city
吴忠天气怎么样？,/home/v2129375/dataset/tts_audio_diff_ref/audio_1293.wav,city
我想点播电视剧《地球最后的夜晚》。,/home/v2129375/dataset/tts_audio_diff_ref/audio_1294.wav,video
我想点播电视剧炉香赞佛,/home/v2129375/dataset/tts_audio_diff_ref/audio_1295.wav,video
衡阳市的天气怎么样？,/home/v2129375/dataset/tts_audio_diff_ref/audio_1296.wav,city
七台河的天气怎么样？,/home/v2129375/dataset/tts_audio_diff_ref/audio_1297.wav,city
果洛的天气怎么样？,/home/v2129375/dataset/tts_audio_diff_ref/audio_1298.wav,city
我想点播《冰雪奇缘》,/home/v2129375/dataset/tts_audio_diff_ref/audio_1299.wav,video
我想点播电视剧新同居时代,/home/v2129375/dataset/tts_audio_diff_ref/audio_1300.wav,video
我想点播吴俊泽的音乐,/home/v2129375/dataset/tts_audio_diff_ref/audio_1301.wav,music
我想点播电视剧唐人街探案二,/home/v2129375/dataset/tts_audio_diff_ref/audio_1302.wav,video
我想看东京很热的电视剧,/home/v2129375/dataset/tts_audio_diff_ref/audio_1303.wav,video
旧金山的天气怎么样？,/home/v2129375/dataset/tts_audio_diff_ref/audio_1304.wav,city
我想看电视剧雪花膏离奇命案,/home/v2129375/dataset/tts_audio_diff_ref/audio_1305.wav,video
我想点播电视剧《绿野仙踪》。,/home/v2129375/dataset/tts_audio_diff_ref/audio_1306.wav,video
我想看苹果的电影,/home/v2129375/dataset/tts_audio_diff_ref/audio_1307.wav,video
金华市的天气怎么样？,/home/v2129375/dataset/tts_audio_diff_ref/audio_1308.wav,city
深圳的天气怎么样？,/home/v2129375/dataset/tts_audio_diff_ref/audio_1309.wav,city
我想点播于淑珍的音乐,/home/v2129375/dataset/tts_audio_diff_ref/audio_1310.wav,music
我想点播电视剧王牌逗王牌,/home/v2129375/dataset/tts_audio_diff_ref/audio_1311.wav,video
唐山的天气如何？,/home/v2129375/dataset/tts_audio_diff_ref/audio_1312.wav,city
我想点播王雅洁的音乐,/home/v2129375/dataset/tts_audio_diff_ref/audio_1313.wav,music
我想点播谍影重重四,/home/v2129375/dataset/tts_audio_diff_ref/audio_1314.wav,video
甘南州的天气怎么样？,/home/v2129375/dataset/tts_audio_diff_ref/audio_1315.wav,city
我想点播肖恩曼德斯的《Shape of You》,/home/v2129375/dataset/tts_audio_diff_ref/audio_1316.wav,music
太原市的天气怎么样？,/home/v2129375/dataset/tts_audio_diff_ref/audio_1317.wav,city
重庆今天的天气怎么样？,/home/v2129375/dataset/tts_audio_diff_ref/audio_1318.wav,city
日喀则地区的天气怎么样？,/home/v2129375/dataset/tts_audio_diff_ref/audio_1319.wav,city
包头市的天气怎么样？,/home/v2129375/dataset/tts_audio_diff_ref/audio_1320.wav,city
我想点播冷漠小雪的音乐,/home/v2129375/dataset/tts_audio_diff_ref/audio_1321.wav,music
齐齐哈尔市的天气怎么样？,/home/v2129375/dataset/tts_audio_diff_ref/audio_1322.wav,city
深圳的天气怎么样？,/home/v2129375/dataset/tts_audio_diff_ref/audio_1323.wav,city
孝感市的天气怎么样？,/home/v2129375/dataset/tts_audio_diff_ref/audio_1324.wav,city
淄博市的天气怎么样？,/home/v2129375/dataset/tts_audio_diff_ref/audio_1325.wav,city
巴中天气如何？,/home/v2129375/dataset/tts_audio_diff_ref/audio_1326.wav,city
我想看电视剧自寻死路,/home/v2129375/dataset/tts_audio_diff_ref/audio_1327.wav,video
我想看蜘蛛侠的点播视频,/home/v2129375/dataset/tts_audio_diff_ref/audio_1328.wav,video
我想点播廖名扬的音乐,/home/v2129375/dataset/tts_audio_diff_ref/audio_1329.wav,music
伊犁的天气怎么样？,/home/v2129375/dataset/tts_audio_diff_ref/audio_1330.wav,city
喀什的天气怎么样？,/home/v2129375/dataset/tts_audio_diff_ref/audio_1331.wav,city
贺州的天气怎么样？,/home/v2129375/dataset/tts_audio_diff_ref/audio_1332.wav,city
深圳的天气怎么样？,/home/v2129375/dataset/tts_audio_diff_ref/audio_1333.wav,city
我想点播电视剧新乌龙院之笑闹江湖,/home/v2129375/dataset/tts_audio_diff_ref/audio_1334.wav,video
我想点播电视剧恋之欲室,/home/v2129375/dataset/tts_audio_diff_ref/audio_1335.wav,video
我想看盗墓笔记的点播视频,/home/v2129375/dataset/tts_audio_diff_ref/audio_1336.wav,video
我想点播王绎龙的音乐,/home/v2129375/dataset/tts_audio_diff_ref/audio_1337.wav,music
我想点播刘惜君的音乐,/home/v2129375/dataset/tts_audio_diff_ref/audio_1338.wav,music
黑河的天气怎么样？,/home/v2129375/dataset/tts_audio_diff_ref/audio_1339.wav,city
德宏傣族景颇族自治州的天气怎么样？,/home/v2129375/dataset/tts_audio_diff_ref/audio_1340.wav,city
我想看点播视频宝贝在这儿,/home/v2129375/dataset/tts_audio_diff_ref/audio_1341.wav,video
我想听蔡少芬的音乐,/home/v2129375/dataset/tts_audio_diff_ref/audio_1342.wav,music
香港今天的天气如何？,/home/v2129375/dataset/tts_audio_diff_ref/audio_1343.wav,city
我想点播《巨齿鲨》,/home/v2129375/dataset/tts_audio_diff_ref/audio_1344.wav,video
我想点播《生日快乐》视频,/home/v2129375/dataset/tts_audio_diff_ref/audio_1345.wav,video
我想点播电视剧乐比悠悠,/home/v2129375/dataset/tts_audio_diff_ref/audio_1346.wav,video
我想点播李克勤的《茄子》,/home/v2129375/dataset/tts_audio_diff_ref/audio_1347.wav,music
普洱市的天气怎么样？,/home/v2129375/dataset/tts_audio_diff_ref/audio_1348.wav,city
我想点播小熊乐园的音乐,/home/v2129375/dataset/tts_audio_diff_ref/audio_1349.wav,music
我想点播小苹果,/home/v2129375/dataset/tts_audio_diff_ref/audio_1350.wav,video
我想点播罗大佑的音乐,/home/v2129375/dataset/tts_audio_diff_ref/audio_1351.wav,music
我想点播电视剧《三个和尚》。,/home/v2129375/dataset/tts_audio_diff_ref/audio_1352.wav,video
深圳的天气怎么样？,/home/v2129375/dataset/tts_audio_diff_ref/audio_1353.wav,city
我想点播电视剧永垂不朽,/home/v2129375/dataset/tts_audio_diff_ref/audio_1354.wav,video
岳阳的天气如何？,/home/v2129375/dataset/tts_audio_diff_ref/audio_1355.wav,city
鸡西的天气怎么样？,/home/v2129375/dataset/tts_audio_diff_ref/audio_1356.wav,city
我想点播海龟先生的音乐,/home/v2129375/dataset/tts_audio_diff_ref/audio_1357.wav,music
我想看超人电视剧,/home/v2129375/dataset/tts_audio_diff_ref/audio_1358.wav,video
我想点播大冒险,/home/v2129375/dataset/tts_audio_diff_ref/audio_1359.wav,video
沈阳的天气怎么样？,/home/v2129375/dataset/tts_audio_diff_ref/audio_1360.wav,city
我想点播郭峰的音乐,/home/v2129375/dataset/tts_audio_diff_ref/audio_1361.wav,music
郴州市的天气怎么样？,/home/v2129375/dataset/tts_audio_diff_ref/audio_1362.wav,city
临沂市的天气怎么样？,/home/v2129375/dataset/tts_audio_diff_ref/audio_1363.wav,city
衢州市今天的天气怎么样？,/home/v2129375/dataset/tts_audio_diff_ref/audio_1364.wav,city
我想点播宝贝当家,/home/v2129375/dataset/tts_audio_diff_ref/audio_1365.wav,video
亳州的天气怎么样？,/home/v2129375/dataset/tts_audio_diff_ref/audio_1366.wav,city
我想点播毛阿敏的《我爱你》,/home/v2129375/dataset/tts_audio_diff_ref/audio_1367.wav,music
深圳的天气怎么样？,/home/v2129375/dataset/tts_audio_diff_ref/audio_1368.wav,city
我想点播张艺兴的音乐,/home/v2129375/dataset/tts_audio_diff_ref/audio_1369.wav,music
我想看飞刀传说的点播视频,/home/v2129375/dataset/tts_audio_diff_ref/audio_1370.wav,video
我想看电视剧观复锵锵,/home/v2129375/dataset/tts_audio_diff_ref/audio_1371.wav,video
我想看电影美女与野兽,/home/v2129375/dataset/tts_audio_diff_ref/audio_1372.wav,video
日喀则的天气如何？,/home/v2129375/dataset/tts_audio_diff_ref/audio_1373.wav,city
邢台市的天气怎么样？,/home/v2129375/dataset/tts_audio_diff_ref/audio_1374.wav,city
深圳的天气怎么样？,/home/v2129375/dataset/tts_audio_diff_ref/audio_1375.wav,city
深圳的天气怎么样？,/home/v2129375/dataset/tts_audio_diff_ref/audio_1376.wav,city
我想听小蓓蕾组合的音乐,/home/v2129375/dataset/tts_audio_diff_ref/audio_1377.wav,music
萍乡今天的天气怎么样？,/home/v2129375/dataset/tts_audio_diff_ref/audio_1378.wav,city
济宁的天气怎么样？,/home/v2129375/dataset/tts_audio_diff_ref/audio_1379.wav,city
深圳的天气怎么样？,/home/v2129375/dataset/tts_audio_diff_ref/audio_1380.wav,city
长治市的天气怎么样？,/home/v2129375/dataset/tts_audio_diff_ref/audio_1381.wav,city
我想点播黄伟年的《黄河》,/home/v2129375/dataset/tts_audio_diff_ref/audio_1382.wav,music
温州今天的天气怎么样？,/home/v2129375/dataset/tts_audio_diff_ref/audio_1383.wav,city
澳门今天的天气如何？,/home/v2129375/dataset/tts_audio_diff_ref/audio_1384.wav,city
我想看黄梅戏的点播视频,/home/v2129375/dataset/tts_audio_diff_ref/audio_1385.wav,video
我想点播李健的《青花瓷》,/home/v2129375/dataset/tts_audio_diff_ref/audio_1386.wav,music
我想点播《木乃伊男孩》,/home/v2129375/dataset/tts_audio_diff_ref/audio_1387.wav,video
我想看日瓦戈医生的点播视频,/home/v2129375/dataset/tts_audio_diff_ref/audio_1388.wav,video
丽水市的天气怎么样？,/home/v2129375/dataset/tts_audio_diff_ref/audio_1389.wav,city
我想点播西游记女儿国。,/home/v2129375/dataset/tts_audio_diff_ref/audio_1390.wav,video
我想看电视剧信仰,/home/v2129375/dataset/tts_audio_diff_ref/audio_1391.wav,video
我想看电视剧另一个家,/home/v2129375/dataset/tts_audio_diff_ref/audio_1392.wav,video
我想看动物世界的点播视频,/home/v2129375/dataset/tts_audio_diff_ref/audio_1393.wav,video
我想看电影《卡萨布兰卡》。,/home/v2129375/dataset/tts_audio_diff_ref/audio_1394.wav,video
我想点播小虎队的音乐,/home/v2129375/dataset/tts_audio_diff_ref/audio_1395.wav,music
我想点播藤田惠美的音乐,/home/v2129375/dataset/tts_audio_diff_ref/audio_1396.wav,music
台州的天气怎么样？,/home/v2129375/dataset/tts_audio_diff_ref/audio_1397.wav,city
我想看猎人视频。,/home/v2129375/dataset/tts_audio_diff_ref/audio_1398.wav,video
我想看抢劫恋爱剧集,/home/v2129375/dataset/tts_audio_diff_ref/audio_1399.wav,video
我想点播乌达木的《无名之辈》,/home/v2129375/dataset/tts_audio_diff_ref/audio_1400.wav,music
我想看电视剧《我会听话》。,/home/v2129375/dataset/tts_audio_diff_ref/audio_1401.wav,video
海口市的天气怎么样？,/home/v2129375/dataset/tts_audio_diff_ref/audio_1402.wav,city
我想点播电视剧《欢乐颂》。,/home/v2129375/dataset/tts_audio_diff_ref/audio_1403.wav,video
杭州今天的天气怎么样？,/home/v2129375/dataset/tts_audio_diff_ref/audio_1404.wav,city
滨州的天气怎么样？,/home/v2129375/dataset/tts_audio_diff_ref/audio_1405.wav,city
湘西土家族苗族自治州的天气怎么样？,/home/v2129375/dataset/tts_audio_diff_ref/audio_1406.wav,city
广元市的天气怎么样？,/home/v2129375/dataset/tts_audio_diff_ref/audio_1407.wav,city
深圳的天气怎么样？,/home/v2129375/dataset/tts_audio_diff_ref/audio_1408.wav,city
我想看红灯的点播视频,/home/v2129375/dataset/tts_audio_diff_ref/audio_1409.wav,video
深圳的天气怎么样？,/home/v2129375/dataset/tts_audio_diff_ref/audio_1410.wav,city
迪庆的天气怎么样？,/home/v2129375/dataset/tts_audio_diff_ref/audio_1411.wav,city
深圳的天气怎么样？,/home/v2129375/dataset/tts_audio_diff_ref/audio_1412.wav,city
阳江市的天气怎么样？,/home/v2129375/dataset/tts_audio_diff_ref/audio_1413.wav,city
我想点播《速度与激情八》,/home/v2129375/dataset/tts_audio_diff_ref/audio_1414.wav,video
蚌埠市的天气怎么样？,/home/v2129375/dataset/tts_audio_diff_ref/audio_1415.wav,city
慕尼黑的天气怎么样？,/home/v2129375/dataset/tts_audio_diff_ref/audio_1416.wav,city
张家界市的天气怎么样？,/home/v2129375/dataset/tts_audio_diff_ref/audio_1417.wav,city
我想看红楼梦的点播视频,/home/v2129375/dataset/tts_audio_diff_ref/audio_1418.wav,video
我想点播张雨行的《无言的爱》,/home/v2129375/dataset/tts_audio_diff_ref/audio_1419.wav,music
台州市的天气怎么样？,/home/v2129375/dataset/tts_audio_diff_ref/audio_1420.wav,city
我想点播于红梅的音乐,/home/v2129375/dataset/tts_audio_diff_ref/audio_1421.wav,music
我想看巨神战击队的点播视频,/home/v2129375/dataset/tts_audio_diff_ref/audio_1422.wav,video
我想点播苏芮的《我爱你》,/home/v2129375/dataset/tts_audio_diff_ref/audio_1423.wav,music
三门峡今天的天气怎么样？,/home/v2129375/dataset/tts_audio_diff_ref/audio_1424.wav,city
我想点播电视剧《现代启示录》。,/home/v2129375/dataset/tts_audio_diff_ref/audio_1425.wav,video
太原的天气怎么样？,/home/v2129375/dataset/tts_audio_diff_ref/audio_1426.wav,city
深圳的天气如何？,/home/v2129375/dataset/tts_audio_diff_ref/audio_1427.wav,city
我想点播夏呈青的音乐,/home/v2129375/dataset/tts_audio_diff_ref/audio_1428.wav,music
我想点播海底小纵队,/home/v2129375/dataset/tts_audio_diff_ref/audio_1429.wav,video
我想点播郑秀文的音乐,/home/v2129375/dataset/tts_audio_diff_ref/audio_1430.wav,music
贵港市的天气怎么样？,/home/v2129375/dataset/tts_audio_diff_ref/audio_1431.wav,city
我想看电视剧鸭汤,/home/v2129375/dataset/tts_audio_diff_ref/audio_1432.wav,video
我想点播真心无边的音乐,/home/v2129375/dataset/tts_audio_diff_ref/audio_1433.wav,music
我想点播张震岳的《无言的爱》,/home/v2129375/dataset/tts_audio_diff_ref/audio_1434.wav,music
我想看无问西东的点播视频,/home/v2129375/dataset/tts_audio_diff_ref/audio_1435.wav,video
我想点播韦唯的《无言的爱》,/home/v2129375/dataset/tts_audio_diff_ref/audio_1436.wav,music
我想点播七龙珠,/home/v2129375/dataset/tts_audio_diff_ref/audio_1437.wav,video
驻马店市的天气怎么样？,/home/v2129375/dataset/tts_audio_diff_ref/audio_1438.wav,city
我想点播电视剧《街灯》。,/home/v2129375/dataset/tts_audio_diff_ref/audio_1439.wav,video
漯河的天气怎么样？,/home/v2129375/dataset/tts_audio_diff_ref/audio_1440.wav,city
济南市的天气怎么样？,/home/v2129375/dataset/tts_audio_diff_ref/audio_1441.wav,city
台南天气如何？,/home/v2129375/dataset/tts_audio_diff_ref/audio_1442.wav,city
我想点播瞿杰的《无言的爱》,/home/v2129375/dataset/tts_audio_diff_ref/audio_1443.wav,music
我想点播豪图的音乐,/home/v2129375/dataset/tts_audio_diff_ref/audio_1444.wav,music
南京市的天气怎么样？,/home/v2129375/dataset/tts_audio_diff_ref/audio_1445.wav,city
我想点播《幻想曲》,/home/v2129375/dataset/tts_audio_diff_ref/audio_1446.wav,video
我想点播澳门风云三。,/home/v2129375/dataset/tts_audio_diff_ref/audio_1447.wav,video
我想点播电视剧《跨越彩虹》。,/home/v2129375/dataset/tts_audio_diff_ref/audio_1448.wav,video
我想点播李韵菲的音乐,/home/v2129375/dataset/tts_audio_diff_ref/audio_1449.wav,music
我想点播李纲的音乐,/home/v2129375/dataset/tts_audio_diff_ref/audio_1450.wav,music
我想点播电视剧《铁路战斗队》。,/home/v2129375/dataset/tts_audio_diff_ref/audio_1451.wav,video
我想点播火山的音乐,/home/v2129375/dataset/tts_audio_diff_ref/audio_1452.wav,music
深圳天气怎么样？,/home/v2129375/dataset/tts_audio_diff_ref/audio_1453.wav,city
我想点播娜宝的《你是我的》,/home/v2129375/dataset/tts_audio_diff_ref/audio_1454.wav,music
我想点播崔一乔的音乐,/home/v2129375/dataset/tts_audio_diff_ref/audio_1455.wav,music
西安的天气如何？,/home/v2129375/dataset/tts_audio_diff_ref/audio_1456.wav,city
深圳的天气怎么样？,/home/v2129375/dataset/tts_audio_diff_ref/audio_1457.wav,city
三亚今天的天气怎么样？,/home/v2129375/dataset/tts_audio_diff_ref/audio_1458.wav,city
我想看电视剧南少林荡倭英豪,/home/v2129375/dataset/tts_audio_diff_ref/audio_1459.wav,video
我想看红灯记的点播视频,/home/v2129375/dataset/tts_audio_diff_ref/audio_1460.wav,video
我想看电影邦妮和克莱德,/home/v2129375/dataset/tts_audio_diff_ref/audio_1461.wav,video
基隆市的天气怎么样？,/home/v2129375/dataset/tts_audio_diff_ref/audio_1462.wav,city
我想听校长的音乐,/home/v2129375/dataset/tts_audio_diff_ref/audio_1463.wav,music
我想点播电视剧非凡公主,/home/v2129375/dataset/tts_audio_diff_ref/audio_1464.wav,video
鄂州的天气如何？,/home/v2129375/dataset/tts_audio_diff_ref/audio_1465.wav,city
我想看《水浒传》的点播视频,/home/v2129375/dataset/tts_audio_diff_ref/audio_1466.wav,video
我想点播啦啦队恶女,/home/v2129375/dataset/tts_audio_diff_ref/audio_1467.wav,video
黄冈今天的天气怎么样？,/home/v2129375/dataset/tts_audio_diff_ref/audio_1468.wav,city
我想点播电视剧《我们的爱》。,/home/v2129375/dataset/tts_audio_diff_ref/audio_1469.wav,video
德州的天气怎么样？,/home/v2129375/dataset/tts_audio_diff_ref/audio_1470.wav,city
深圳的天气怎么样？,/home/v2129375/dataset/tts_audio_diff_ref/audio_1471.wav,city
我想点播乔华的《无言的爱》,/home/v2129375/dataset/tts_audio_diff_ref/audio_1472.wav,music
我想点播龙梅子老猫,/home/v2129375/dataset/tts_audio_diff_ref/audio_1473.wav,music
迪拜的天气怎么样？,/home/v2129375/dataset/tts_audio_diff_ref/audio_1474.wav,city
济宁市的天气怎么样？,/home/v2129375/dataset/tts_audio_diff_ref/audio_1475.wav,city
我想点播蔡镇泽的音乐,/home/v2129375/dataset/tts_audio_diff_ref/audio_1476.wav,music
深圳的天气怎么样？,/home/v2129375/dataset/tts_audio_diff_ref/audio_1477.wav,city
我想点播电视剧弗兰肯斯坦,/home/v2129375/dataset/tts_audio_diff_ref/audio_1478.wav,video
我想点播电视剧《数星星》。,/home/v2129375/dataset/tts_audio_diff_ref/audio_1479.wav,video
我想点播张智的《天涯故人》,/home/v2129375/dataset/tts_audio_diff_ref/audio_1480.wav,music
我想看蜡笔小新全集,/home/v2129375/dataset/tts_audio_diff_ref/audio_1481.wav,video
我想看《纸牌屋》,/home/v2129375/dataset/tts_audio_diff_ref/audio_1482.wav,video
乌兰察布市的天气怎么样？,/home/v2129375/dataset/tts_audio_diff_ref/audio_1483.wav,city
深圳的天气怎么样？,/home/v2129375/dataset/tts_audio_diff_ref/audio_1484.wav,city
我想点播吴琴儿的音乐,/home/v2129375/dataset/tts_audio_diff_ref/audio_1485.wav,music
我想点播旋转舞的电视剧,/home/v2129375/dataset/tts_audio_diff_ref/audio_1486.wav,video
我想听情歌伴侣的音乐,/home/v2129375/dataset/tts_audio_diff_ref/audio_1487.wav,music
我想点播凤凰传奇的音乐,/home/v2129375/dataset/tts_audio_diff_ref/audio_1488.wav,music
湖州的天气如何？,/home/v2129375/dataset/tts_audio_diff_ref/audio_1489.wav,city
吉安的天气怎么样？,/home/v2129375/dataset/tts_audio_diff_ref/audio_1490.wav,city
我想点播《速度与激情》四。,/home/v2129375/dataset/tts_audio_diff_ref/audio_1491.wav,video
我想看育婴奇谭,/home/v2129375/dataset/tts_audio_diff_ref/audio_1492.wav,video
昭通市的天气怎么样？,/home/v2129375/dataset/tts_audio_diff_ref/audio_1493.wav,city
石家庄的天气怎么样？,/home/v2129375/dataset/tts_audio_diff_ref/audio_1494.wav,city
深圳的天气怎么样？,/home/v2129375/dataset/tts_audio_diff_ref/audio_1495.wav,city
我想看电影《城市野人》。,/home/v2129375/dataset/tts_audio_diff_ref/audio_1496.wav,video
我想点播流浪者的音乐,/home/v2129375/dataset/tts_audio_diff_ref/audio_1497.wav,music
我想点播刘晓华的音乐,/home/v2129375/dataset/tts_audio_diff_ref/audio_1498.wav,music
深圳的天气怎么样？,/home/v2129375/dataset/tts_audio_diff_ref/audio_1499.wav,city
我想点播苗佳的《我爱你》,/home/v2129375/dataset/tts_audio_diff_ref/audio_1500.wav,music
我想看电视剧因为遇见你,/home/v2129375/dataset/tts_audio_diff_ref/audio_1501.wav,video
宜宾的天气怎么样？,/home/v2129375/dataset/tts_audio_diff_ref/audio_1502.wav,city
阿坝藏族羌族自治州的天气怎么样？,/home/v2129375/dataset/tts_audio_diff_ref/audio_1503.wav,city
我想点播云菲菲的音乐,/home/v2129375/dataset/tts_audio_diff_ref/audio_1504.wav,music
我想点播迪克牛仔的音乐,/home/v2129375/dataset/tts_audio_diff_ref/audio_1505.wav,music
红河哈尼族彝族自治州的天气怎么样？,/home/v2129375/dataset/tts_audio_diff_ref/audio_1506.wav,city
南昌市的天气怎么样？,/home/v2129375/dataset/tts_audio_diff_ref/audio_1507.wav,city
我想点播指环王三王者无敌,/home/v2129375/dataset/tts_audio_diff_ref/audio_1508.wav,video
我想看妈妈宝贝的点播视频,/home/v2129375/dataset/tts_audio_diff_ref/audio_1509.wav,video
深圳的天气怎么样？,/home/v2129375/dataset/tts_audio_diff_ref/audio_1510.wav,city
让我们点播电视剧《让我们荡起双桨》,/home/v2129375/dataset/tts_audio_diff_ref/audio_1511.wav,video
红河自治州的天气怎么样？,/home/v2129375/dataset/tts_audio_diff_ref/audio_1512.wav,city
常德市的天气怎么样？,/home/v2129375/dataset/tts_audio_diff_ref/audio_1513.wav,city
常州市的天气怎么样？,/home/v2129375/dataset/tts_audio_diff_ref/audio_1514.wav,city
深圳的天气怎么样？,/home/v2129375/dataset/tts_audio_diff_ref/audio_1515.wav,city
韶关市的天气怎么样？,/home/v2129375/dataset/tts_audio_diff_ref/audio_1516.wav,city
我想看点播视频意外,/home/v2129375/dataset/tts_audio_diff_ref/audio_1517.wav,video
我想看电视剧绣春刀,/home/v2129375/dataset/tts_audio_diff_ref/audio_1518.wav,video
深圳的天气怎么样？,/home/v2129375/dataset/tts_audio_diff_ref/audio_1519.wav,city
我想看黄金时代的点播视频,/home/v2129375/dataset/tts_audio_diff_ref/audio_1520.wav,video
深圳的天气怎么样？,/home/v2129375/dataset/tts_audio_diff_ref/audio_1521.wav,city
我想看电视剧岳飞,/home/v2129375/dataset/tts_audio_diff_ref/audio_1522.wav,video
我想点播吴亦凡的音乐,/home/v2129375/dataset/tts_audio_diff_ref/audio_1523.wav,music
我想点播小花仙动画的音乐,/home/v2129375/dataset/tts_audio_diff_ref/audio_1524.wav,music
我想点播杨采妮的《我爱你》,/home/v2129375/dataset/tts_audio_diff_ref/audio_1525.wav,music
我想点播电视剧《雨中曲》。,/home/v2129375/dataset/tts_audio_diff_ref/audio_1526.wav,video
我想点播《捉妖记二》,/home/v2129375/dataset/tts_audio_diff_ref/audio_1527.wav,video
柳州的天气怎么样？,/home/v2129375/dataset/tts_audio_diff_ref/audio_1528.wav,city
临汾天气如何？,/home/v2129375/dataset/tts_audio_diff_ref/audio_1529.wav,city
舟山的天气如何？,/home/v2129375/dataset/tts_audio_diff_ref/audio_1530.wav,city
我想看电影望夫成龙,/home/v2129375/dataset/tts_audio_diff_ref/audio_1531.wav,video
楚雄彝族自治州的天气怎么样？,/home/v2129375/dataset/tts_audio_diff_ref/audio_1532.wav,city
我想点播李念东的音乐,/home/v2129375/dataset/tts_audio_diff_ref/audio_1533.wav,music
北京今天的天气怎么样？,/home/v2129375/dataset/tts_audio_diff_ref/audio_1534.wav,city
天水市的天气怎么样？,/home/v2129375/dataset/tts_audio_diff_ref/audio_1535.wav,city
我想点播范玮琪的《无言的爱》,/home/v2129375/dataset/tts_audio_diff_ref/audio_1536.wav,music
博尔塔拉自治州的天气怎么样？,/home/v2129375/dataset/tts_audio_diff_ref/audio_1537.wav,city
昌吉回族自治州的天气怎么样？,/home/v2129375/dataset/tts_audio_diff_ref/audio_1538.wav,city
随州市的天气怎么样？,/home/v2129375/dataset/tts_audio_diff_ref/audio_1539.wav,city
我想点播苏伦图的音乐,/home/v2129375/dataset/tts_audio_diff_ref/audio_1540.wav,music
我想看一部动画片。,/home/v2129375/dataset/tts_audio_diff_ref/audio_1541.wav,video
亳州市的天气怎么样？,/home/v2129375/dataset/tts_audio_diff_ref/audio_1542.wav,city
我想看海绵宝宝的点播视频,/home/v2129375/dataset/tts_audio_diff_ref/audio_1543.wav,video
张掖市的天气怎么样？,/home/v2129375/dataset/tts_audio_diff_ref/audio_1544.wav,city
深圳的天气怎么样？,/home/v2129375/dataset/tts_audio_diff_ref/audio_1545.wav,city
海东市的天气怎么样？,/home/v2129375/dataset/tts_audio_diff_ref/audio_1546.wav,city
我想点播何炅的音乐,/home/v2129375/dataset/tts_audio_diff_ref/audio_1547.wav,music
三门峡市的天气怎么样？,/home/v2129375/dataset/tts_audio_diff_ref/audio_1548.wav,city
我想点播王麟的《春风又绿江南岸》,/home/v2129375/dataset/tts_audio_diff_ref/audio_1549.wav,music
我想点播电视剧《花都丽影》。,/home/v2129375/dataset/tts_audio_diff_ref/audio_1550.wav,video
林芝地区的天气怎么样？,/home/v2129375/dataset/tts_audio_diff_ref/audio_1551.wav,city
我想看电视剧拔萝卜,/home/v2129375/dataset/tts_audio_diff_ref/audio_1552.wav,video
深圳的天气怎么样？,/home/v2129375/dataset/tts_audio_diff_ref/audio_1553.wav,city
我想点播张惠妹的《我是传奇》,/home/v2129375/dataset/tts_audio_diff_ref/audio_1554.wav,music
我想点播《金刚狼：三部曲》,/home/v2129375/dataset/tts_audio_diff_ref/audio_1555.wav,video
海南藏族自治州的天气怎么样？,/home/v2129375/dataset/tts_audio_diff_ref/audio_1556.wav,city
抚州的天气怎么样？,/home/v2129375/dataset/tts_audio_diff_ref/audio_1557.wav,city
郴州的天气怎么样？,/home/v2129375/dataset/tts_audio_diff_ref/audio_1558.wav,city
潍坊市的天气怎么样？,/home/v2129375/dataset/tts_audio_diff_ref/audio_1559.wav,city
滁州市的天气怎么样？,/home/v2129375/dataset/tts_audio_diff_ref/audio_1560.wav,city
我想点播贝瓦儿歌小苹果,/home/v2129375/dataset/tts_audio_diff_ref/audio_1561.wav,video
巢湖的天气怎么样？,/home/v2129375/dataset/tts_audio_diff_ref/audio_1562.wav,city
深圳的天气怎么样？,/home/v2129375/dataset/tts_audio_diff_ref/audio_1563.wav,city
我想点播粉红小猪,/home/v2129375/dataset/tts_audio_diff_ref/audio_1564.wav,video
我想看在江边的电视剧,/home/v2129375/dataset/tts_audio_diff_ref/audio_1565.wav,video
我想点播电视剧粉红猪,/home/v2129375/dataset/tts_audio_diff_ref/audio_1566.wav,video
周口的天气怎么样？,/home/v2129375/dataset/tts_audio_diff_ref/audio_1567.wav,city
我想看《旋风少女》的点播视频,/home/v2129375/dataset/tts_audio_diff_ref/audio_1568.wav,video
我想点播电视剧芈月传,/home/v2129375/dataset/tts_audio_diff_ref/audio_1569.wav,video
深圳的天气怎么样？,/home/v2129375/dataset/tts_audio_diff_ref/audio_1570.wav,city
玉树藏族自治州的天气怎么样？,/home/v2129375/dataset/tts_audio_diff_ref/audio_1571.wav,city
我想看傻瓜回忆录的点播视频,/home/v2129375/dataset/tts_audio_diff_ref/audio_1572.wav,video
深圳的天气怎么样？,/home/v2129375/dataset/tts_audio_diff_ref/audio_1573.wav,city
我想看马赛曲的点播视频,/home/v2129375/dataset/tts_audio_diff_ref/audio_1574.wav,video
呼和浩特的天气怎么样？,/home/v2129375/dataset/tts_audio_diff_ref/audio_1575.wav,city
荆门的天气怎么样？,/home/v2129375/dataset/tts_audio_diff_ref/audio_1576.wav,city
南充市的天气怎么样？,/home/v2129375/dataset/tts_audio_diff_ref/audio_1577.wav,city
我想点播《魔兽》,/home/v2129375/dataset/tts_audio_diff_ref/audio_1578.wav,video
我想点播陶喆的关诗敏的音乐,/home/v2129375/dataset/tts_audio_diff_ref/audio_1579.wav,music
我想看保龄球的点播视频,/home/v2129375/dataset/tts_audio_diff_ref/audio_1580.wav,video
黄冈市的天气怎么样？,/home/v2129375/dataset/tts_audio_diff_ref/audio_1581.wav,city
我想点播孟蕾的《月光》,/home/v2129375/dataset/tts_audio_diff_ref/audio_1582.wav,music
深圳的天气怎么样？,/home/v2129375/dataset/tts_audio_diff_ref/audio_1583.wav,city
我想点播王非非的音乐,/home/v2129375/dataset/tts_audio_diff_ref/audio_1584.wav,music
新北天气如何？,/home/v2129375/dataset/tts_audio_diff_ref/audio_1585.wav,city
我想点播胡碧文荟的音乐,/home/v2129375/dataset/tts_audio_diff_ref/audio_1586.wav,music
池州的天气如何？,/home/v2129375/dataset/tts_audio_diff_ref/audio_1587.wav,city
那曲的天气怎么样？,/home/v2129375/dataset/tts_audio_diff_ref/audio_1588.wav,city
我想点播天线宝宝宝宝,/home/v2129375/dataset/tts_audio_diff_ref/audio_1589.wav,video
我想点播电视剧葫芦兄弟,/home/v2129375/dataset/tts_audio_diff_ref/audio_1590.wav,video
安庆市的天气怎么样？,/home/v2129375/dataset/tts_audio_diff_ref/audio_1591.wav,city
洛杉矶的天气怎么样？,/home/v2129375/dataset/tts_audio_diff_ref/audio_1592.wav,city
我想点播宝宝巴士儿歌的点播视频,/home/v2129375/dataset/tts_audio_diff_ref/audio_1593.wav,video
广元的天气怎么样？,/home/v2129375/dataset/tts_audio_diff_ref/audio_1594.wav,city
我想点播海鲜面。,/home/v2129375/dataset/tts_audio_diff_ref/audio_1595.wav,music
我想点播电视剧《反转人生》。,/home/v2129375/dataset/tts_audio_diff_ref/audio_1596.wav,video
我想点播杨丞琳的《无言的爱》,/home/v2129375/dataset/tts_audio_diff_ref/audio_1597.wav,music
武汉市的天气怎么样？,/home/v2129375/dataset/tts_audio_diff_ref/audio_1598.wav,city
我想点播黄勇的《黄勇》,/home/v2129375/dataset/tts_audio_diff_ref/audio_1599.wav,music
我想点播阿宝的《我爱你》,/home/v2129375/dataset/tts_audio_diff_ref/audio_1600.wav,music
我想点播周渝民的《无言的爱》,/home/v2129375/dataset/tts_audio_diff_ref/audio_1601.wav,music
烟台市的天气怎么样？,/home/v2129375/dataset/tts_audio_diff_ref/audio_1602.wav,city
我想点播胡哲行的音乐,/home/v2129375/dataset/tts_audio_diff_ref/audio_1603.wav,music
我想点播谭松韵和熊梓琪的音乐,/home/v2129375/dataset/tts_audio_diff_ref/audio_1604.wav,music
我想点播孙露的《无言的爱》,/home/v2129375/dataset/tts_audio_diff_ref/audio_1605.wav,music
深圳的天气怎么样？,/home/v2129375/dataset/tts_audio_diff_ref/audio_1606.wav,city
铜川市的天气怎么样？,/home/v2129375/dataset/tts_audio_diff_ref/audio_1607.wav,city
石嘴山的天气如何？,/home/v2129375/dataset/tts_audio_diff_ref/audio_1608.wav,city
我想点播电视剧蝶双飞,/home/v2129375/dataset/tts_audio_diff_ref/audio_1609.wav,video
我想看电影沉默的羔羊,/home/v2129375/dataset/tts_audio_diff_ref/audio_1610.wav,video
深圳的天气怎么样？,/home/v2129375/dataset/tts_audio_diff_ref/audio_1611.wav,city
黄南藏族自治州的天气怎么样？,/home/v2129375/dataset/tts_audio_diff_ref/audio_1612.wav,city
深圳的天气怎么样？,/home/v2129375/dataset/tts_audio_diff_ref/audio_1613.wav,city
惠州今天的天气怎么样？,/home/v2129375/dataset/tts_audio_diff_ref/audio_1614.wav,city
我想点播小伴龙的音乐,/home/v2129375/dataset/tts_audio_diff_ref/audio_1615.wav,music
台中天气如何？,/home/v2129375/dataset/tts_audio_diff_ref/audio_1616.wav,city
榆林市的天气怎么样？,/home/v2129375/dataset/tts_audio_diff_ref/audio_1617.wav,city
衡水市的天气怎么样？,/home/v2129375/dataset/tts_audio_diff_ref/audio_1618.wav,city
三亚今天的天气怎么样？,/home/v2129375/dataset/tts_audio_diff_ref/audio_1619.wav,city
我想看电视剧一尘不染,/home/v2129375/dataset/tts_audio_diff_ref/audio_1620.wav,video
昌都地区的天气怎么样？,/home/v2129375/dataset/tts_audio_diff_ref/audio_1621.wav,city
我想点播电视剧《雕花的马鞍》。,/home/v2129375/dataset/tts_audio_diff_ref/audio_1622.wav,video
我想看打狗棍的点播视频,/home/v2129375/dataset/tts_audio_diff_ref/audio_1623.wav,video
佳木斯市的天气怎么样？,/home/v2129375/dataset/tts_audio_diff_ref/audio_1624.wav,city
我想点播刘忠源的音乐,/home/v2129375/dataset/tts_audio_diff_ref/audio_1625.wav,music
我想点播米雪儿的《爱如初见》,/home/v2129375/dataset/tts_audio_diff_ref/audio_1626.wav,music
我想看电视剧谈笑风光,/home/v2129375/dataset/tts_audio_diff_ref/audio_1627.wav,video
玉树州的天气怎么样？,/home/v2129375/dataset/tts_audio_diff_ref/audio_1628.wav,city
景德镇市的天气怎么样？,/home/v2129375/dataset/tts_audio_diff_ref/audio_1629.wav,city
我想点播卓依婷的《无言的爱》,/home/v2129375/dataset/tts_audio_diff_ref/audio_1630.wav,music
我想点播陈学冬的音乐,/home/v2129375/dataset/tts_audio_diff_ref/audio_1631.wav,music
我想看电视剧精神病患者,/home/v2129375/dataset/tts_audio_diff_ref/audio_1632.wav,video
甘孜的天气如何？,/home/v2129375/dataset/tts_audio_diff_ref/audio_1633.wav,city
我想点播蔡旻佑的音乐,/home/v2129375/dataset/tts_audio_diff_ref/audio_1634.wav,music
我想看电影《熊出没》,/home/v2129375/dataset/tts_audio_diff_ref/audio_1635.wav,video
酒泉市的天气怎么样？,/home/v2129375/dataset/tts_audio_diff_ref/audio_1636.wav,city
我想看电视剧《愤怒的葡萄》。,/home/v2129375/dataset/tts_audio_diff_ref/audio_1637.wav,video
深圳的天气怎么样？,/home/v2129375/dataset/tts_audio_diff_ref/audio_1638.wav,city
通化市的天气怎么样？,/home/v2129375/dataset/tts_audio_diff_ref/audio_1639.wav,city
我想看点播视频红旗飘飘,/home/v2129375/dataset/tts_audio_diff_ref/audio_1640.wav,video
乌鲁木齐的天气怎么样？,/home/v2129375/dataset/tts_audio_diff_ref/audio_1641.wav,city
西安市今天的天气怎么样？,/home/v2129375/dataset/tts_audio_diff_ref/audio_1642.wav,city
梧州市的天气怎么样？,/home/v2129375/dataset/tts_audio_diff_ref/audio_1643.wav,city
我想看小马宝莉的点播视频,/home/v2129375/dataset/tts_audio_diff_ref/audio_1644.wav,video
我想点播魏依曼的音乐,/home/v2129375/dataset/tts_audio_diff_ref/audio_1645.wav,music
我想点播电视剧《爱我你就抱抱我》。,/home/v2129375/dataset/tts_audio_diff_ref/audio_1646.wav,video
我想点播罗志祥的《悲情城市》,/home/v2129375/dataset/tts_audio_diff_ref/audio_1647.wav,music
吐鲁番地区的天气怎么样？,/home/v2129375/dataset/tts_audio_diff_ref/audio_1648.wav,city
深圳的天气怎么样？,/home/v2129375/dataset/tts_audio_diff_ref/audio_1649.wav,city
我想看电影《呼啸山庄》,/home/v2129375/dataset/tts_audio_diff_ref/audio_1650.wav,video
我想点播陈永馨的音乐,/home/v2129375/dataset/tts_audio_diff_ref/audio_1651.wav,music
永州的天气怎么样？,/home/v2129375/dataset/tts_audio_diff_ref/audio_1652.wav,city
厦门市的天气怎么样？,/home/v2129375/dataset/tts_audio_diff_ref/audio_1653.wav,city
延边州的天气怎么样？,/home/v2129375/dataset/tts_audio_diff_ref/audio_1654.wav,city
我想看电视剧麻雀,/home/v2129375/dataset/tts_audio_diff_ref/audio_1655.wav,video
我想看天天向上节目,/home/v2129375/dataset/tts_audio_diff_ref/audio_1656.wav,video
海北的天气怎么样？,/home/v2129375/dataset/tts_audio_diff_ref/audio_1657.wav,city
汕头今天的天气怎么样？,/home/v2129375/dataset/tts_audio_diff_ref/audio_1658.wav,city
我想点播小飞侠,/home/v2129375/dataset/tts_audio_diff_ref/audio_1659.wav,video
我想看点播视频《满洲候选人》。,/home/v2129375/dataset/tts_audio_diff_ref/audio_1660.wav,video
我想点播云飞的音乐,/home/v2129375/dataset/tts_audio_diff_ref/audio_1661.wav,music
文山市的天气怎么样？,/home/v2129375/dataset/tts_audio_diff_ref/audio_1662.wav,city
廊坊的天气怎么样？,/home/v2129375/dataset/tts_audio_diff_ref/audio_1663.wav,city
我想点播丁小青的音乐,/home/v2129375/dataset/tts_audio_diff_ref/audio_1664.wav,music
成都的天气怎么样？,/home/v2129375/dataset/tts_audio_diff_ref/audio_1665.wav,city
我想看电视剧那年花开正月圆,/home/v2129375/dataset/tts_audio_diff_ref/audio_1666.wav,video
营口市的天气怎么样？,/home/v2129375/dataset/tts_audio_diff_ref/audio_1667.wav,city
我想看功夫之王的点播视频,/home/v2129375/dataset/tts_audio_diff_ref/audio_1668.wav,video
我想点播大猫家族史,/home/v2129375/dataset/tts_audio_diff_ref/audio_1669.wav,video
我想看电视剧楚乔传,/home/v2129375/dataset/tts_audio_diff_ref/audio_1670.wav,video
我想点播那英的《无言的爱》,/home/v2129375/dataset/tts_audio_diff_ref/audio_1671.wav,music
三明的天气怎么样？,/home/v2129375/dataset/tts_audio_diff_ref/audio_1672.wav,city
我想点播刘春的《我爱你》,/home/v2129375/dataset/tts_audio_diff_ref/audio_1673.wav,music
我想听姜幼怡的音乐,/home/v2129375/dataset/tts_audio_diff_ref/audio_1674.wav,music
我想点播电视剧《小公主》。,/home/v2129375/dataset/tts_audio_diff_ref/audio_1675.wav,video
我想点播黄英的《我爱你》,/home/v2129375/dataset/tts_audio_diff_ref/audio_1676.wav,music
我想看电视剧一个国家的诞生,/home/v2129375/dataset/tts_audio_diff_ref/audio_1677.wav,video
我想点播小可的《小可》,/home/v2129375/dataset/tts_audio_diff_ref/audio_1678.wav,music
我想点播陈天红的《无言的爱》,/home/v2129375/dataset/tts_audio_diff_ref/audio_1679.wav,music
淮南市的天气怎么样？,/home/v2129375/dataset/tts_audio_diff_ref/audio_1680.wav,city
我想看森林的纪录片,/home/v2129375/dataset/tts_audio_diff_ref/audio_1681.wav,video
南通今天的天气怎么样？,/home/v2129375/dataset/tts_audio_diff_ref/audio_1682.wav,city
我想看教父续集,/home/v2129375/dataset/tts_audio_diff_ref/audio_1683.wav,video
我想点播毛毛的音乐,/home/v2129375/dataset/tts_audio_diff_ref/audio_1684.wav,music
无锡的天气怎么样？,/home/v2129375/dataset/tts_audio_diff_ref/audio_1685.wav,city
深圳市的天气怎么样？,/home/v2129375/dataset/tts_audio_diff_ref/audio_1686.wav,city
我想看电视剧祝福,/home/v2129375/dataset/tts_audio_diff_ref/audio_1687.wav,video
运城的天气怎么样？,/home/v2129375/dataset/tts_audio_diff_ref/audio_1688.wav,city
我想看猎鹿人。,/home/v2129375/dataset/tts_audio_diff_ref/audio_1689.wav,video
我想点播电视剧麦克疯,/home/v2129375/dataset/tts_audio_diff_ref/audio_1690.wav,video
攀枝花市的天气怎么样？,/home/v2129375/dataset/tts_audio_diff_ref/audio_1691.wav,city
我想点播远藤真理的音乐,/home/v2129375/dataset/tts_audio_diff_ref/audio_1692.wav,music
深圳的天气怎么样？,/home/v2129375/dataset/tts_audio_diff_ref/audio_1693.wav,city
深圳的天气怎么样？,/home/v2129375/dataset/tts_audio_diff_ref/audio_1694.wav,city
我想看美国风情画的点播视频,/home/v2129375/dataset/tts_audio_diff_ref/audio_1695.wav,video
济宁的天气怎么样？,/home/v2129375/dataset/tts_audio_diff_ref/audio_1696.wav,city
深圳的天气怎么样？,/home/v2129375/dataset/tts_audio_diff_ref/audio_1697.wav,city
我想看游戏《守望先锋》。,/home/v2129375/dataset/tts_audio_diff_ref/audio_1698.wav,video
我想点播杨宗纬的音乐,/home/v2129375/dataset/tts_audio_diff_ref/audio_1699.wav,music
深圳的天气怎么样？,/home/v2129375/dataset/tts_audio_diff_ref/audio_1700.wav,city
我想看樱桃小丸子。,/home/v2129375/dataset/tts_audio_diff_ref/audio_1701.wav,video
我想点播李谷一的音乐,/home/v2129375/dataset/tts_audio_diff_ref/audio_1702.wav,music
我想点播李荣浩的音乐,/home/v2129375/dataset/tts_audio_diff_ref/audio_1703.wav,music
黄石的天气怎么样？,/home/v2129375/dataset/tts_audio_diff_ref/audio_1704.wav,city
我想点播电视剧快乐单身,/home/v2129375/dataset/tts_audio_diff_ref/audio_1705.wav,video
我想点播和汇慧的音乐,/home/v2129375/dataset/tts_audio_diff_ref/audio_1706.wav,music
我想点播韩安旭的音乐,/home/v2129375/dataset/tts_audio_diff_ref/audio_1707.wav,music
廊坊的天气怎么样？,/home/v2129375/dataset/tts_audio_diff_ref/audio_1708.wav,city
我想点播电视剧《狐步谍影》。,/home/v2129375/dataset/tts_audio_diff_ref/audio_1709.wav,video
玉林的天气怎么样？,/home/v2129375/dataset/tts_audio_diff_ref/audio_1710.wav,city
我想点播胡歌的歌曲,/home/v2129375/dataset/tts_audio_diff_ref/audio_1711.wav,music
宁波市的天气怎么样？,/home/v2129375/dataset/tts_audio_diff_ref/audio_1712.wav,city
我想点播电视剧《二十二》。,/home/v2129375/dataset/tts_audio_diff_ref/audio_1713.wav,video
深圳的天气怎么样？,/home/v2129375/dataset/tts_audio_diff_ref/audio_1714.wav,city
丹东的天气如何？,/home/v2129375/dataset/tts_audio_diff_ref/audio_1715.wav,city
我想点播电视剧百变马丁,/home/v2129375/dataset/tts_audio_diff_ref/audio_1716.wav,video
我想点播鸳鸯蝴蝶梦,/home/v2129375/dataset/tts_audio_diff_ref/audio_1717.wav,video
我想点播《十面埋伏》,/home/v2129375/dataset/tts_audio_diff_ref/audio_1718.wav,video
我想点播柏林墙的纪录片,/home/v2129375/dataset/tts_audio_diff_ref/audio_1719.wav,video
平顶山的天气怎么样？,/home/v2129375/dataset/tts_audio_diff_ref/audio_1720.wav,city
深圳的天气怎么样？,/home/v2129375/dataset/tts_audio_diff_ref/audio_1721.wav,city
商洛市的天气怎么样？,/home/v2129375/dataset/tts_audio_diff_ref/audio_1722.wav,city
深圳的天气怎么样？,/home/v2129375/dataset/tts_audio_diff_ref/audio_1723.wav,city
我想点播林俊杰的歌曲,/home/v2129375/dataset/tts_audio_diff_ref/audio_1724.wav,music
青岛今天的天气怎么样？,/home/v2129375/dataset/tts_audio_diff_ref/audio_1725.wav,city
我想点播梅艳芳的《我爱你》,/home/v2129375/dataset/tts_audio_diff_ref/audio_1726.wav,music
我想点播黄婧的《我爱你》,/home/v2129375/dataset/tts_audio_diff_ref/audio_1727.wav,music
我想点播孔莹的《无言的爱》,/home/v2129375/dataset/tts_audio_diff_ref/audio_1728.wav,music
塔城的天气如何？,/home/v2129375/dataset/tts_audio_diff_ref/audio_1729.wav,city
我想点播电视剧原野奇侠,/home/v2129375/dataset/tts_audio_diff_ref/audio_1730.wav,video
龙岩市的天气怎么样？,/home/v2129375/dataset/tts_audio_diff_ref/audio_1731.wav,city
我想看电视剧《容易受伤的女人》。,/home/v2129375/dataset/tts_audio_diff_ref/audio_1732.wav,video
我想点播《速度与激情七》。,/home/v2129375/dataset/tts_audio_diff_ref/audio_1733.wav,video
深圳的天气怎么样？,/home/v2129375/dataset/tts_audio_diff_ref/audio_1734.wav,city
深圳的天气怎么样？,/home/v2129375/dataset/tts_audio_diff_ref/audio_1735.wav,city
铜川的天气怎么样？,/home/v2129375/dataset/tts_audio_diff_ref/audio_1736.wav,city
迪庆州的天气怎么样？,/home/v2129375/dataset/tts_audio_diff_ref/audio_1737.wav,city
我想点播音乐之声,/home/v2129375/dataset/tts_audio_diff_ref/audio_1738.wav,video
我想点播《超级会飞侠》,/home/v2129375/dataset/tts_audio_diff_ref/audio_1739.wav,video
淮安市的天气怎么样？,/home/v2129375/dataset/tts_audio_diff_ref/audio_1740.wav,city
内江的天气如何？,/home/v2129375/dataset/tts_audio_diff_ref/audio_1741.wav,city
我想看火车的点播视频,/home/v2129375/dataset/tts_audio_diff_ref/audio_1742.wav,video
上饶的天气怎么样？,/home/v2129375/dataset/tts_audio_diff_ref/audio_1743.wav,city
罗马的天气怎么样？,/home/v2129375/dataset/tts_audio_diff_ref/audio_1744.wav,city
我想点播陈熙珵的音乐,/home/v2129375/dataset/tts_audio_diff_ref/audio_1745.wav,music
长春的天气怎么样？,/home/v2129375/dataset/tts_audio_diff_ref/audio_1746.wav,city
我想点播王极的《无言的爱》,/home/v2129375/dataset/tts_audio_diff_ref/audio_1747.wav,music
衡水的天气怎么样？,/home/v2129375/dataset/tts_audio_diff_ref/audio_1748.wav,city
海南州的天气怎么样？,/home/v2129375/dataset/tts_audio_diff_ref/audio_1749.wav,city
我想看电视剧好家伙,/home/v2129375/dataset/tts_audio_diff_ref/audio_1750.wav,video
我想点播汪苏泷的《无言的爱》,/home/v2129375/dataset/tts_audio_diff_ref/audio_1751.wav,music
承德的天气怎么样？,/home/v2129375/dataset/tts_audio_diff_ref/audio_1752.wav,city
我想点播朱强的《我爱你》,/home/v2129375/dataset/tts_audio_diff_ref/audio_1753.wav,music
巢湖市的天气怎么样？,/home/v2129375/dataset/tts_audio_diff_ref/audio_1754.wav,city
我想点播黄玉雄的音乐,/home/v2129375/dataset/tts_audio_diff_ref/audio_1755.wav,music
宿州市的天气怎么样？,/home/v2129375/dataset/tts_audio_diff_ref/audio_1756.wav,city
我想看电视剧邪不压正,/home/v2129375/dataset/tts_audio_diff_ref/audio_1757.wav,video
佛山今天的天气怎么样？,/home/v2129375/dataset/tts_audio_diff_ref/audio_1758.wav,city
我想点播电视剧倩女幽魂,/home/v2129375/dataset/tts_audio_diff_ref/audio_1759.wav,video
我想点播李玲玉的音乐,/home/v2129375/dataset/tts_audio_diff_ref/audio_1760.wav,music
石嘴山市的天气怎么样？,/home/v2129375/dataset/tts_audio_diff_ref/audio_1761.wav,city
我想看神偷奶爸。,/home/v2129375/dataset/tts_audio_diff_ref/audio_1762.wav,video
我想听陈奕迅的音乐,/home/v2129375/dataset/tts_audio_diff_ref/audio_1763.wav,music
我想点播郑尧的音乐,/home/v2129375/dataset/tts_audio_diff_ref/audio_1764.wav,music
我想点播电视剧《小公主苏菲亚》。,/home/v2129375/dataset/tts_audio_diff_ref/audio_1765.wav,video
我想看你的脸的点播视频,/home/v2129375/dataset/tts_audio_diff_ref/audio_1766.wav,video
我想听李小春的歌《想念你》,/home/v2129375/dataset/tts_audio_diff_ref/audio_1767.wav,music
我想点播小伴龙儿歌,/home/v2129375/dataset/tts_audio_diff_ref/audio_1768.wav,video
我想点播亲宝儿歌,/home/v2129375/dataset/tts_audio_diff_ref/audio_1769.wav,video
深圳的天气怎么样？,/home/v2129375/dataset/tts_audio_diff_ref/audio_1770.wav,city
我想点播《猫跟老鼠》,/home/v2129375/dataset/tts_audio_diff_ref/audio_1771.wav,video
哈尔滨市的天气怎么样？,/home/v2129375/dataset/tts_audio_diff_ref/audio_1772.wav,city
塔城地区的天气怎么样？,/home/v2129375/dataset/tts_audio_diff_ref/audio_1773.wav,city
我想点播林美瑞的《无言的爱》,/home/v2129375/dataset/tts_audio_diff_ref/audio_1774.wav,music
我想看《爱情公寓》,/home/v2129375/dataset/tts_audio_diff_ref/audio_1775.wav,video
我想点播李清坡的《琵琶行》,/home/v2129375/dataset/tts_audio_diff_ref/audio_1776.wav,music
我想看大阅兵的点播视频,/home/v2129375/dataset/tts_audio_diff_ref/audio_1777.wav,video
我想点播王媛的《无言的爱》,/home/v2129375/dataset/tts_audio_diff_ref/audio_1778.wav,music
泰州市的天气怎么样？,/home/v2129375/dataset/tts_audio_diff_ref/audio_1779.wav,city
威海市的天气怎么样？,/home/v2129375/dataset/tts_audio_diff_ref/audio_1780.wav,city
我想看金瓶梅的电视剧,/home/v2129375/dataset/tts_audio_diff_ref/audio_1781.wav,video
厦门今天的天气怎么样？,/home/v2129375/dataset/tts_audio_diff_ref/audio_1782.wav,city
湘西苗族自治州的天气怎么样？,/home/v2129375/dataset/tts_audio_diff_ref/audio_1783.wav,city
我想看电视剧宝宝生活好习惯,/home/v2129375/dataset/tts_audio_diff_ref/audio_1784.wav,video
深圳的天气怎么样？,/home/v2129375/dataset/tts_audio_diff_ref/audio_1785.wav,city
鹤岗的天气怎么样？,/home/v2129375/dataset/tts_audio_diff_ref/audio_1786.wav,city
日喀则市的天气怎么样？,/home/v2129375/dataset/tts_audio_diff_ref/audio_1787.wav,city
深圳的天气怎么样？,/home/v2129375/dataset/tts_audio_diff_ref/audio_1788.wav,city
广州今天的天气怎么样？,/home/v2129375/dataset/tts_audio_diff_ref/audio_1789.wav,city
金华的天气如何？,/home/v2129375/dataset/tts_audio_diff_ref/audio_1790.wav,city
深圳的天气怎么样？,/home/v2129375/dataset/tts_audio_diff_ref/audio_1791.wav,city
我想点播梦然的音乐,/home/v2129375/dataset/tts_audio_diff_ref/audio_1792.wav,music
我想点播金志文的音乐,/home/v2129375/dataset/tts_audio_diff_ref/audio_1793.wav,music
我想点播小马宝莉之彩虹摇滚,/home/v2129375/dataset/tts_audio_diff_ref/audio_1794.wav,video
我想看闭合之日的点播视频,/home/v2129375/dataset/tts_audio_diff_ref/audio_1795.wav,video
我想看火影忍者的点播视频,/home/v2129375/dataset/tts_audio_diff_ref/audio_1796.wav,video
我想点播骆玉笙的音乐,/home/v2129375/dataset/tts_audio_diff_ref/audio_1797.wav,music
营口的天气怎么样？,/home/v2129375/dataset/tts_audio_diff_ref/audio_1798.wav,city
贵阳的天气如何？,/home/v2129375/dataset/tts_audio_diff_ref/audio_1799.wav,city
深圳的天气怎么样？,/home/v2129375/dataset/tts_audio_diff_ref/audio_1800.wav,city
我想点播刘芳的《无言的爱》,/home/v2129375/dataset/tts_audio_diff_ref/audio_1801.wav,music
我想点播电视剧桂河桥,/home/v2129375/dataset/tts_audio_diff_ref/audio_1802.wav,video
我想看黑色追缉令的点播视频,/home/v2129375/dataset/tts_audio_diff_ref/audio_1803.wav,video
我想点播天线宝宝,/home/v2129375/dataset/tts_audio_diff_ref/audio_1804.wav,video
我想听王力宏的《无言的爱》,/home/v2129375/dataset/tts_audio_diff_ref/audio_1805.wav,music
深圳的天气怎么样？,/home/v2129375/dataset/tts_audio_diff_ref/audio_1806.wav,city
达州市的天气怎么样？,/home/v2129375/dataset/tts_audio_diff_ref/audio_1807.wav,city
我想点播电视剧《我的朋友很少》。,/home/v2129375/dataset/tts_audio_diff_ref/audio_1808.wav,video
黄南自治州的天气怎么样？,/home/v2129375/dataset/tts_audio_diff_ref/audio_1809.wav,city
我想点播五千零五十,/home/v2129375/dataset/tts_audio_diff_ref/audio_1810.wav,music
我想点播阿庆的音乐,/home/v2129375/dataset/tts_audio_diff_ref/audio_1811.wav,music
海西蒙古族藏族自治州的天气怎么样？,/home/v2129375/dataset/tts_audio_diff_ref/audio_1812.wav,city
黄石市的天气怎么样？,/home/v2129375/dataset/tts_audio_diff_ref/audio_1813.wav,city
我想看叶问的电影,/home/v2129375/dataset/tts_audio_diff_ref/audio_1814.wav,video
我想看失落的男孩的点播视频,/home/v2129375/dataset/tts_audio_diff_ref/audio_1815.wav,video
我想看电影《肖申克的救赎》。,/home/v2129375/dataset/tts_audio_diff_ref/audio_1816.wav,video
西双版纳自治州的天气怎么样？,/home/v2129375/dataset/tts_audio_diff_ref/audio_1817.wav,city
深圳天气怎么样？,/home/v2129375/dataset/tts_audio_diff_ref/audio_1818.wav,city
崇左市的天气怎么样？,/home/v2129375/dataset/tts_audio_diff_ref/audio_1819.wav,city
深圳的天气怎么样？,/home/v2129375/dataset/tts_audio_diff_ref/audio_1820.wav,city
镇江天气如何？,/home/v2129375/dataset/tts_audio_diff_ref/audio_1821.wav,city
我想点播非洲女皇号的剧集,/home/v2129375/dataset/tts_audio_diff_ref/audio_1822.wav,video
绍兴的天气怎么样？,/home/v2129375/dataset/tts_audio_diff_ref/audio_1823.wav,city
我想看电视剧夺宝奇兵,/home/v2129375/dataset/tts_audio_diff_ref/audio_1824.wav,video
深圳的天气怎么样？,/home/v2129375/dataset/tts_audio_diff_ref/audio_1825.wav,city
甘孜藏族自治州的天气怎么样？,/home/v2129375/dataset/tts_audio_diff_ref/audio_1826.wav,city
我想点播张笛的音乐,/home/v2129375/dataset/tts_audio_diff_ref/audio_1827.wav,music
深圳的天气怎么样？,/home/v2129375/dataset/tts_audio_diff_ref/audio_1828.wav,city
邯郸的天气怎么样？,/home/v2129375/dataset/tts_audio_diff_ref/audio_1829.wav,city
我想看恐高症的点播视频,/home/v2129375/dataset/tts_audio_diff_ref/audio_1830.wav,video
我想点播大白鲨的电影,/home/v2129375/dataset/tts_audio_diff_ref/audio_1831.wav,video
我想看《建军大业》的点播视频,/home/v2129375/dataset/tts_audio_diff_ref/audio_1832.wav,video
日照天气如何？,/home/v2129375/dataset/tts_audio_diff_ref/audio_1833.wav,city
我想点播杨沛宜的音乐,/home/v2129375/dataset/tts_audio_diff_ref/audio_1834.wav,music
上饶市的天气怎么样？,/home/v2129375/dataset/tts_audio_diff_ref/audio_1835.wav,city
我想点播赵传的音乐,/home/v2129375/dataset/tts_audio_diff_ref/audio_1836.wav,music
鹰潭市的天气怎么样？,/home/v2129375/dataset/tts_audio_diff_ref/audio_1837.wav,city
佛山的天气如何？,/home/v2129375/dataset/tts_audio_diff_ref/audio_1838.wav,city
甘南藏族自治州的天气怎么样？,/home/v2129375/dataset/tts_audio_diff_ref/audio_1839.wav,city
我想看电视剧女人寻梦,/home/v2129375/dataset/tts_audio_diff_ref/audio_1840.wav,video
和田地区的天气怎么样？,/home/v2129375/dataset/tts_audio_diff_ref/audio_1841.wav,city
松原市的天气怎么样？,/home/v2129375/dataset/tts_audio_diff_ref/audio_1842.wav,city
我想点播周杰伦的歌曲,/home/v2129375/dataset/tts_audio_diff_ref/audio_1843.wav,music
淄博的天气怎么样？,/home/v2129375/dataset/tts_audio_diff_ref/audio_1844.wav,city
武威市的天气怎么样？,/home/v2129375/dataset/tts_audio_diff_ref/audio_1845.wav,city
盘锦的天气怎么样？,/home/v2129375/dataset/tts_audio_diff_ref/audio_1846.wav,city
我想看电视剧四三二一,/home/v2129375/dataset/tts_audio_diff_ref/audio_1847.wav,video
我想看《星际宝贝》的点播视频,/home/v2129375/dataset/tts_audio_diff_ref/audio_1848.wav,video
深圳的天气怎么样？,/home/v2129375/dataset/tts_audio_diff_ref/audio_1849.wav,city
我想点播电视剧紫钗记,/home/v2129375/dataset/tts_audio_diff_ref/audio_1850.wav,video
我想听宅男电台的节目,/home/v2129375/dataset/tts_audio_diff_ref/audio_1851.wav,video
澳门今天的天气如何？,/home/v2129375/dataset/tts_audio_diff_ref/audio_1852.wav,city
深圳的天气怎么样？,/home/v2129375/dataset/tts_audio_diff_ref/audio_1853.wav,city
我想点播孙燕姿的音乐,/home/v2129375/dataset/tts_audio_diff_ref/audio_1854.wav,music
牡丹江的天气怎么样？,/home/v2129375/dataset/tts_audio_diff_ref/audio_1855.wav,city
我想点播《飞越疯人院》,/home/v2129375/dataset/tts_audio_diff_ref/audio_1856.wav,video
山南地区的天气怎么样？,/home/v2129375/dataset/tts_audio_diff_ref/audio_1857.wav,city
台州的天气怎么样？,/home/v2129375/dataset/tts_audio_diff_ref/audio_1858.wav,city
悉尼的天气如何？,/home/v2129375/dataset/tts_audio_diff_ref/audio_1859.wav,city
深圳的天气怎么样？,/home/v2129375/dataset/tts_audio_diff_ref/audio_1860.wav,city
我想点播电视剧饥饿鲨进化,/home/v2129375/dataset/tts_audio_diff_ref/audio_1861.wav,video
我想听阳朔的音乐,/home/v2129375/dataset/tts_audio_diff_ref/audio_1862.wav,music
海北自治州的天气怎么样？,/home/v2129375/dataset/tts_audio_diff_ref/audio_1863.wav,city
我想点播新木乃伊,/home/v2129375/dataset/tts_audio_diff_ref/audio_1864.wav,video
我想看电视剧燕子,/home/v2129375/dataset/tts_audio_diff_ref/audio_1865.wav,video
深圳的天气怎么样？,/home/v2129375/dataset/tts_audio_diff_ref/audio_1866.wav,city
我想点播吉特巴的草原歌曲,/home/v2129375/dataset/tts_audio_diff_ref/audio_1867.wav,music
我想点播田雨莫的《我爱你》,/home/v2129375/dataset/tts_audio_diff_ref/audio_1868.wav,music
德阳的天气怎么样？,/home/v2129375/dataset/tts_audio_diff_ref/audio_1869.wav,city
我想点播周冠宇的音乐,/home/v2129375/dataset/tts_audio_diff_ref/audio_1870.wav,music
我想点播喜羊羊与灰太狼,/home/v2129375/dataset/tts_audio_diff_ref/audio_1871.wav,video
我想看电视剧香水有毒,/home/v2129375/dataset/tts_audio_diff_ref/audio_1872.wav,video
昌吉的天气怎么样？,/home/v2129375/dataset/tts_audio_diff_ref/audio_1873.wav,city
日照市的天气怎么样？,/home/v2129375/dataset/tts_audio_diff_ref/audio_1874.wav,city
